run,strategy,profile,stitch_id,acc,latency_ms,net_base_ms,hop_count,payload_mb,link_mb,payload_mb_cached,link_mb_cached,compute_ms,net_latency_ms,met_slo,slo_ms,slo_excess_ms,slo_excess_pct,met_dual_slo,net_obj_ms,soft_slo_score,v_lat_ms,v_lat_norm,v_acc,v_acc_norm,lat_target_ms,acc_target,valid,selection_time_ms,ssp_calls
0,SLO-first,extract-frames,1,91.62,695.1861085485808,1615.0,13,1.1484375,1.8662109375,0.57421875,8.0390625,152.421134197133,542.7649743514478,True,1000.0,0.0,0.0,True,1615.0,0.0,0.0,0.0,0.0,0.0,6000.0,89.0,True,846.5364169999999,58
1,SLO-first,extract-frames,1,91.62,599.3643310561911,1670.0,10,1.1484375,1.65087890625,0.57421875,5.16796875,187.4938728346801,411.870458221511,True,1000.0,0.0,0.0,True,1670.0,0.0,0.0,0.0,0.0,0.0,6000.0,89.0,True,830.9815410000003,56
2,SLO-first,extract-frames,1,91.62,599.348746983496,1020.0,11,1.1484375,2.009765625,0.57421875,2.296875,161.8172050928101,437.53154189068584,True,1000.0,0.0,0.0,True,1020.0,0.0,0.0,0.0,0.0,0.0,6000.0,89.0,True,823.0651249999999,60
3,SLO-first,extract-frames,1,91.62,591.087701234427,1815.0,9,1.1484375,1.435546875,0.57421875,5.7421875,193.55180074868858,397.53590048573835,True,1000.0,0.0,0.0,True,1815.0,0.0,0.0,0.0,0.0,0.0,6000.0,89.0,True,815.3366670000004,60
4,SLO-first,extract-frames,1,91.62,652.2130431017981,2090.0,12,1.1484375,2.7275390625,0.57421875,3.4453125,176.46017005148806,475.7528730503101,True,1000.0,0.0,0.0,True,2090.0,0.0,0.0,0.0,0.0,0.0,6000.0,89.0,True,816.0335420000005,54
5,SLO-first,extract-frames,1,91.62,544.9933479680687,1985.0,10,1.1484375,1.65087890625,0.57421875,3.4453125,154.5221040737154,390.4712438943533,True,1000.0,0.0,0.0,True,1985.0,0.0,0.0,0.0,0.0,0.0,6000.0,89.0,True,798.4282089999999,60
6,SLO-first,extract-frames,1,91.62,390.5714532576293,2100.0,6,1.1484375,1.2919921875,0.57421875,3.4453125,154.89136400079872,235.68008925683054,True,1000.0,0.0,0.0,True,2100.0,0.0,0.0,0.0,0.0,0.0,6000.0,89.0,True,817.5422919999988,60
7,SLO-first,extract-frames,1,91.62,479.3443550477613,1740.0,8,1.1484375,1.50732421875,0.57421875,4.01953125,158.45274839392482,320.8916066538365,True,1000.0,0.0,0.0,True,1740.0,0.0,0.0,0.0,0.0,0.0,6000.0,89.0,True,857.3866250000002,60
8,SLO-first,extract-frames,1,91.62,599.3722989811545,1565.0,10,1.1484375,1.5791015625,0.57421875,1.1484375,173.89096505852223,425.48133392263225,True,1000.0,0.0,0.0,True,1565.0,0.0,0.0,0.0,0.0,0.0,6000.0,89.0,True,824.5141670000003,60
9,SLO-first,extract-frames,1,91.62,444.7029256003897,1565.0,7,1.1484375,1.50732421875,0.57421875,4.01953125,166.3484485767245,278.3544770236652,True,1000.0,0.0,0.0,True,1565.0,0.0,0.0,0.0,0.0,0.0,6000.0,89.0,True,822.6975830000001,60
10,SLO-first,extract-frames,1,91.62,456.8527736064119,2020.0,7,1.1484375,1.5791015625,0.57421875,6.31640625,159.75320983921878,297.0995637671931,True,1000.0,0.0,0.0,True,2020.0,0.0,0.0,0.0,0.0,0.0,6000.0,89.0,True,821.8811249999991,60
11,SLO-first,extract-frames,1,91.62,648.1545089508452,1530.0,12,1.1484375,1.93798828125,0.57421875,4.01953125,184.30870808604817,463.84580086479696,True,1000.0,0.0,0.0,True,1530.0,0.0,0.0,0.0,0.0,0.0,6000.0,89.0,True,832.8633330000006,60
12,SLO-first,extract-frames,1,91.62,733.5449481793434,1530.0,10,1.1484375,1.93798828125,0.57421875,5.7421875,233.85367169978443,499.69127647955895,True,1000.0,0.0,0.0,True,1530.0,0.0,0.0,0.0,0.0,0.0,6000.0,89.0,True,811.8788750000015,60
13,SLO-first,extract-frames,1,91.62,727.7699371393996,1040.0,14,1.1484375,2.296875,0.57421875,4.01953125,161.50117643619453,566.2687607032051,True,1000.0,0.0,0.0,True,1040.0,0.0,0.0,0.0,0.0,0.0,6000.0,89.0,True,807.342792,60
14,SLO-first,extract-frames,1,91.62,629.1996466473136,1495.0,10,1.1484375,1.8662109375,0.57421875,1.1484375,206.36134630817216,422.8383003391414,True,1000.0,0.0,0.0,True,1495.0,0.0,0.0,0.0,0.0,0.0,6000.0,89.0,True,772.9199999999992,60
15,SLO-first,extract-frames,1,91.62,496.7409219442121,1565.0,8,1.1484375,1.36376953125,0.57421875,4.59375,170.33483779878233,326.4060841454298,True,1000.0,0.0,0.0,True,1565.0,0.0,0.0,0.0,0.0,0.0,6000.0,89.0,True,852.5477919999993,60
16,SLO-first,extract-frames,1,91.62,510.88094581413907,1110.0,9,1.1484375,1.72265625,0.57421875,2.87109375,159.8826587195708,350.99828709456824,True,1000.0,0.0,0.0,True,1110.0,0.0,0.0,0.0,0.0,0.0,6000.0,89.0,True,853.5390000000014,60
17,SLO-first,extract-frames,1,91.62,716.2727585364803,1565.0,12,1.1484375,2.08154296875,0.57421875,2.87109375,190.04139728037924,526.2313612561011,True,1000.0,0.0,0.0,True,1565.0,0.0,0.0,0.0,0.0,0.0,6000.0,89.0,True,845.4805830000005,60
18,SLO-first,extract-frames,1,91.62,534.845770639179,1425.0,10,1.1484375,1.93798828125,0.57421875,2.296875,154.7720773310849,380.0736933080941,True,1000.0,0.0,0.0,True,1425.0,0.0,0.0,0.0,0.0,0.0,6000.0,89.0,True,774.4871670000002,58
19,SLO-first,extract-frames,1,91.62,560.4231583390074,1180.0,10,1.1484375,2.1533203125,0.57421875,8.61328125,171.20457382280935,389.218584516198,True,1000.0,0.0,0.0,True,1180.0,0.0,0.0,0.0,0.0,0.0,6000.0,89.0,True,832.8574169999996,60
20,SLO-first,extract-frames,1,91.62,717.0909659227136,1635.0,12,1.1484375,1.8662109375,0.57421875,4.59375,191.13453332225703,525.9564326004565,True,1000.0,0.0,0.0,True,1635.0,0.0,0.0,0.0,0.0,0.0,6000.0,89.0,True,796.1817909999986,56
21,SLO-first,extract-frames,1,91.62,566.1320869576209,1740.0,9,1.1484375,1.65087890625,0.57421875,2.296875,208.42126804727042,357.71081891035044,True,1000.0,0.0,0.0,True,1740.0,0.0,0.0,0.0,0.0,0.0,6000.0,89.0,True,860.2690830000022,60
22,SLO-first,extract-frames,1,91.62,662.4454545667926,1320.0,11,1.1484375,1.79443359375,0.57421875,1.72265625,199.64369907401786,462.80175549277476,True,1000.0,0.0,0.0,True,1320.0,0.0,0.0,0.0,0.0,0.0,6000.0,89.0,True,805.4697910000002,60
23,SLO-first,extract-frames,1,91.62,470.4457858279295,1600.0,8,1.1484375,1.5791015625,0.57421875,2.296875,158.69147398168184,311.7543118462477,True,1000.0,0.0,0.0,True,1600.0,0.0,0.0,0.0,0.0,0.0,6000.0,89.0,True,799.9598750000025,60
24,SLO-first,extract-frames,1,91.62,522.9914624995008,2335.0,9,1.1484375,1.435546875,0.57421875,7.46484375,168.66539733545903,354.3260651640417,True,1000.0,0.0,0.0,True,2335.0,0.0,0.0,0.0,0.0,0.0,6000.0,89.0,True,796.8144590000002,56
25,SLO-first,extract-frames,1,91.62,587.3512168630399,1600.0,11,1.1484375,2.08154296875,0.57421875,2.296875,152.57237638806922,434.7788404749707,True,1000.0,0.0,0.0,True,1600.0,0.0,0.0,0.0,0.0,0.0,6000.0,89.0,True,820.1543750000013,60
26,SLO-first,extract-frames,1,91.62,539.1468374547978,1320.0,9,1.1484375,1.93798828125,0.57421875,4.59375,177.87565768968108,361.2711797651167,True,1000.0,0.0,0.0,True,1320.0,0.0,0.0,0.0,0.0,0.0,6000.0,89.0,True,838.8037920000002,60
27,SLO-first,extract-frames,1,91.62,764.3687664865311,1880.0,11,1.1484375,1.8662109375,0.57421875,5.16796875,241.90469179227256,522.4640746942586,True,1000.0,0.0,0.0,True,1880.0,0.0,0.0,0.0,0.0,0.0,6000.0,89.0,True,824.529708,60
28,SLO-first,extract-frames,1,91.62,836.6613842362689,1600.0,16,1.1484375,2.79931640625,0.57421875,4.59375,170.14195931720033,666.5194249190686,True,1000.0,0.0,0.0,True,1600.0,0.0,0.0,0.0,0.0,0.0,6000.0,89.0,True,846.7358340000004,60
29,SLO-first,extract-frames,1,91.62,682.3555973895974,1075.0,11,1.1484375,2.1533203125,0.57421875,2.296875,202.6594625892515,479.69613480034593,True,1000.0,0.0,0.0,True,1075.0,0.0,0.0,0.0,0.0,0.0,6000.0,89.0,True,822.5051249999992,60
30,SLO-first,extract-frames,1,91.62,484.0245132170601,1565.0,8,1.1484375,1.5791015625,0.57421875,4.01953125,168.04156375753755,315.98294945952256,True,1000.0,0.0,0.0,True,1565.0,0.0,0.0,0.0,0.0,0.0,6000.0,89.0,True,775.0129160000015,56
31,SLO-first,extract-frames,1,91.62,578.8363197650467,1845.0,10,1.1484375,2.009765625,0.57421875,6.31640625,162.80234774458702,416.03397202045966,True,1000.0,0.0,0.0,True,1845.0,0.0,0.0,0.0,0.0,0.0,6000.0,89.0,True,821.6646249999968,60
32,SLO-first,extract-frames,1,91.62,674.9791663337464,1880.0,11,1.1484375,1.72265625,0.57421875,6.890625,219.3489266728701,455.6302396608763,True,1000.0,0.0,0.0,True,1880.0,0.0,0.0,0.0,0.0,0.0,6000.0,89.0,True,846.8914589999983,56
33,SLO-first,extract-frames,1,91.62,448.8270116926916,1215.0,7,1.1484375,1.2919921875,0.57421875,1.1484375,170.55064658308243,278.2763651096092,True,1000.0,0.0,0.0,True,1215.0,0.0,0.0,0.0,0.0,0.0,6000.0,89.0,True,817.084666999996,60
34,SLO-first,extract-frames,1,91.62,623.7198589309596,1320.0,9,1.1484375,1.79443359375,0.57421875,3.4453125,199.36131981301855,424.358539117941,True,1000.0,0.0,0.0,True,1320.0,0.0,0.0,0.0,0.0,0.0,6000.0,89.0,True,820.8795420000001,60
35,SLO-first,extract-frames,1,91.62,623.4427404216872,1675.0,12,1.1484375,2.36865234375,0.57421875,4.59375,158.26881677060368,465.17392365108356,True,1000.0,0.0,0.0,True,1675.0,0.0,0.0,0.0,0.0,0.0,6000.0,89.0,True,821.0483750000037,60
36,SLO-first,extract-frames,1,91.62,424.1321213042934,1745.0,6,1.1484375,1.435546875,0.57421875,2.296875,183.80155687091016,240.33056443338324,True,1000.0,0.0,0.0,True,1745.0,0.0,0.0,0.0,0.0,0.0,6000.0,89.0,True,823.237749999997,58
37,SLO-first,extract-frames,1,91.62,639.525054448738,1530.0,12,1.1484375,1.8662109375,0.57421875,4.01953125,187.18461334217233,452.3404411065658,True,1000.0,0.0,0.0,True,1530.0,0.0,0.0,0.0,0.0,0.0,6000.0,89.0,True,804.4333340000023,56
38,SLO-first,extract-frames,1,91.62,536.9054900623883,1320.0,9,1.1484375,1.72265625,0.57421875,6.31640625,168.59077741623798,368.3147126461503,True,1000.0,0.0,0.0,True,1320.0,0.0,0.0,0.0,0.0,0.0,6000.0,89.0,True,830.4840830000018,60
39,SLO-first,extract-frames,1,91.62,466.2309811087096,1180.0,8,1.1484375,1.5791015625,0.57421875,5.7421875,158.07690238025742,308.1540787284522,True,1000.0,0.0,0.0,True,1180.0,0.0,0.0,0.0,0.0,0.0,6000.0,89.0,True,778.5178330000022,60
40,SLO-first,extract-frames,1,91.62,592.7933372729084,1565.0,8,1.1484375,1.5791015625,0.57421875,1.1484375,201.88153004238936,390.91180723051906,True,1000.0,0.0,0.0,True,1565.0,0.0,0.0,0.0,0.0,0.0,6000.0,89.0,True,819.8642500000019,58
41,SLO-first,extract-frames,1,91.62,612.309134705363,1530.0,11,1.1484375,1.93798828125,0.57421875,8.0390625,163.3467422005561,448.962392504807,True,1000.0,0.0,0.0,True,1530.0,0.0,0.0,0.0,0.0,0.0,6000.0,89.0,True,821.9107090000009,58
42,SLO-first,extract-frames,1,91.62,545.7094013196936,1705.0,10,1.1484375,1.65087890625,0.57421875,5.16796875,169.37741261904318,376.33198870065047,True,1000.0,0.0,0.0,True,1705.0,0.0,0.0,0.0,0.0,0.0,6000.0,89.0,True,827.2645410000052,60
43,SLO-first,extract-frames,1,91.62,467.21288262903624,2020.0,7,1.1484375,1.2919921875,0.57421875,5.16796875,177.84767405772834,289.3652085713079,True,1000.0,0.0,0.0,True,2020.0,0.0,0.0,0.0,0.0,0.0,6000.0,89.0,True,809.1749999999962,60
44,SLO-first,extract-frames,1,91.62,532.312342410037,1285.0,9,1.1484375,1.93798828125,0.57421875,1.72265625,166.18012363569684,366.1322187743402,True,1000.0,0.0,0.0,True,1285.0,0.0,0.0,0.0,0.0,0.0,6000.0,89.0,True,792.5832080000034,60
45,SLO-first,extract-frames,1,91.62,719.7313266076884,1565.0,9,1.1484375,1.72265625,0.57421875,3.4453125,267.59584081611683,452.13548579157157,True,1000.0,0.0,0.0,True,1565.0,0.0,0.0,0.0,0.0,0.0,6000.0,89.0,True,811.6000829999948,60
46,SLO-first,extract-frames,1,91.62,494.67744872551214,1530.0,8,1.1484375,1.8662109375,0.57421875,3.4453125,168.7922892454805,325.88515948003163,True,1000.0,0.0,0.0,True,1530.0,0.0,0.0,0.0,0.0,0.0,6000.0,89.0,True,822.6211669999941,60
47,SLO-first,extract-frames,1,91.62,681.9222897948194,1530.0,13,1.1484375,2.296875,0.57421875,5.7421875,179.51322531888414,502.40906447593534,True,1000.0,0.0,0.0,True,1530.0,0.0,0.0,0.0,0.0,0.0,6000.0,89.0,True,804.0432499999995,58
48,SLO-first,extract-frames,1,91.62,580.0740966711246,1630.0,10,1.1484375,1.5791015625,0.57421875,8.61328125,174.4711987315762,405.60289793954837,True,1000.0,0.0,0.0,True,1630.0,0.0,0.0,0.0,0.0,0.0,6000.0,89.0,True,817.2250419999968,58
49,SLO-first,extract-frames,1,91.62,430.6668149148287,1740.0,6,1.1484375,1.435546875,0.57421875,4.01953125,179.28751256215915,251.37930235266953,True,1000.0,0.0,0.0,True,1740.0,0.0,0.0,0.0,0.0,0.0,6000.0,89.0,True,834.5671249999996,60
50,SLO-first,extract-frames,1,91.62,623.4617533006283,1670.0,9,1.1484375,1.8662109375,0.57421875,4.01953125,191.74849617192154,431.7132571287067,True,1000.0,0.0,0.0,True,1670.0,0.0,0.0,0.0,0.0,0.0,6000.0,89.0,True,794.6297500000057,60
51,SLO-first,extract-frames,1,91.62,472.716387537776,2125.0,8,1.1484375,1.65087890625,0.57421875,4.59375,150.78043514207755,321.93595239569845,True,1000.0,0.0,0.0,True,2125.0,0.0,0.0,0.0,0.0,0.0,6000.0,89.0,True,821.0067920000057,60
52,SLO-first,extract-frames,1,91.62,492.2734056372165,1565.0,8,1.1484375,1.65087890625,0.57421875,5.7421875,160.42717331834393,331.8462323188726,True,1000.0,0.0,0.0,True,1565.0,0.0,0.0,0.0,0.0,0.0,6000.0,89.0,True,842.0168330000024,60
53,SLO-first,extract-frames,1,91.62,386.6528174620938,2125.0,5,1.1484375,1.1484375,0.57421875,6.31640625,172.25183111663952,214.40098634545427,True,1000.0,0.0,0.0,True,2125.0,0.0,0.0,0.0,0.0,0.0,6000.0,89.0,True,830.9108749999937,54
54,SLO-first,extract-frames,1,91.62,827.2340599572839,1705.0,12,1.1484375,2.009765625,0.57421875,1.72265625,231.43856799291518,595.7954919643687,True,1000.0,0.0,0.0,True,1705.0,0.0,0.0,0.0,0.0,0.0,6000.0,89.0,True,820.5837080000009,54
55,SLO-first,extract-frames,1,91.62,381.0674062264756,1560.0,6,1.1484375,1.22021484375,0.57421875,3.4453125,165.7545653470599,215.31284087941572,True,1000.0,0.0,0.0,True,1560.0,0.0,0.0,0.0,0.0,0.0,6000.0,89.0,True,817.7647499999949,54
56,SLO-first,extract-frames,1,91.62,417.7762500143518,1425.0,6,1.1484375,1.435546875,0.57421875,4.59375,164.74744170976044,253.02880830459134,True,1000.0,0.0,0.0,True,1425.0,0.0,0.0,0.0,0.0,0.0,6000.0,89.0,True,822.0663749999915,60
57,SLO-first,extract-frames,1,91.62,514.6096018183955,1880.0,8,1.1484375,1.5791015625,0.57421875,5.16796875,197.5301557149325,317.07944610346294,True,1000.0,0.0,0.0,True,1880.0,0.0,0.0,0.0,0.0,0.0,6000.0,89.0,True,810.2022919999996,60
58,SLO-first,extract-frames,1,91.62,519.1308342210007,1605.0,9,1.1484375,2.08154296875,0.57421875,4.01953125,164.95530357561603,354.1755306453847,True,1000.0,0.0,0.0,True,1605.0,0.0,0.0,0.0,0.0,0.0,6000.0,89.0,True,824.7242500000027,60
59,SLO-first,extract-frames,1,91.62,512.7971664748454,1915.0,9,1.1484375,1.93798828125,0.57421875,3.4453125,169.31602598954572,343.48114048529965,True,1000.0,0.0,0.0,True,1915.0,0.0,0.0,0.0,0.0,0.0,6000.0,89.0,True,815.4958749999963,60
60,SLO-first,extract-frames,1,91.62,503.19514281236053,1285.0,7,1.1484375,1.2919921875,0.57421875,3.4453125,199.21217521282114,303.9829675995394,True,1000.0,0.0,0.0,True,1285.0,0.0,0.0,0.0,0.0,0.0,6000.0,89.0,True,797.1638750000096,58
61,SLO-first,extract-frames,1,91.62,656.2914559448665,1040.0,12,1.1484375,2.51220703125,0.57421875,1.72265625,176.02556407118263,480.26589187368387,True,1000.0,0.0,0.0,True,1040.0,0.0,0.0,0.0,0.0,0.0,6000.0,89.0,True,827.3069170000014,60
62,SLO-first,extract-frames,1,91.62,456.3360693811592,1850.0,7,1.1484375,1.2919921875,0.57421875,2.87109375,182.2624497329222,274.073619648237,True,1000.0,0.0,0.0,True,1850.0,0.0,0.0,0.0,0.0,0.0,6000.0,89.0,True,836.6373749999951,60
63,SLO-first,extract-frames,1,91.62,503.60649930225486,1775.0,8,1.1484375,1.79443359375,0.57421875,5.7421875,175.72323014240303,327.88326915985186,True,1000.0,0.0,0.0,True,1775.0,0.0,0.0,0.0,0.0,0.0,6000.0,89.0,True,783.6137499999865,58
64,SLO-first,extract-frames,1,91.62,464.1417288653224,1460.0,7,1.1484375,1.2919921875,0.57421875,7.46484375,184.1290471632184,280.01268170210403,True,1000.0,0.0,0.0,True,1460.0,0.0,0.0,0.0,0.0,0.0,6000.0,89.0,True,832.8627500000039,60
65,SLO-first,extract-frames,1,91.62,701.0180005294953,2230.0,12,1.1484375,2.009765625,0.57421875,4.01953125,193.9179542165592,507.1000463129361,True,1000.0,0.0,0.0,True,2230.0,0.0,0.0,0.0,0.0,0.0,6000.0,89.0,True,833.0627079999999,56
66,SLO-first,extract-frames,1,91.62,633.9485745388413,1770.0,9,1.1484375,1.72265625,0.57421875,1.1484375,219.4955372181543,414.453037320687,True,1000.0,0.0,0.0,True,1770.0,0.0,0.0,0.0,0.0,0.0,6000.0,89.0,True,829.088750000011,54
67,SLO-first,extract-frames,1,91.62,511.374951147206,1915.0,9,1.1484375,1.72265625,0.57421875,7.46484375,161.01531772658956,350.35963342061643,True,1000.0,0.0,0.0,True,1915.0,0.0,0.0,0.0,0.0,0.0,6000.0,89.0,True,813.0470830000007,60
68,SLO-first,extract-frames,1,91.62,562.0004868024052,1845.0,11,1.1484375,1.72265625,0.57421875,2.87109375,140.46986049460256,421.5306263078027,True,1000.0,0.0,0.0,True,1845.0,0.0,0.0,0.0,0.0,0.0,6000.0,89.0,True,863.0404170000077,60
69,SLO-first,extract-frames,1,91.62,621.8258593281952,1775.0,9,1.1484375,1.72265625,0.57421875,5.7421875,211.15879548964114,410.66706383855404,True,1000.0,0.0,0.0,True,1775.0,0.0,0.0,0.0,0.0,0.0,6000.0,89.0,True,812.3294999999899,56
70,SLO-first,extract-frames,1,91.62,715.8287135593278,1215.0,14,1.1484375,2.009765625,0.57421875,5.7421875,168.10835424534108,547.7203593139867,True,1000.0,0.0,0.0,True,1215.0,0.0,0.0,0.0,0.0,0.0,6000.0,89.0,True,801.630000000003,56
71,SLO-first,extract-frames,1,91.62,537.2085226235347,1075.0,10,1.1484375,2.009765625,0.57421875,2.296875,149.13438856260316,388.07413406093156,True,1000.0,0.0,0.0,True,1075.0,0.0,0.0,0.0,0.0,0.0,6000.0,89.0,True,822.5215419999898,58
72,SLO-first,extract-frames,1,91.62,571.0501754175294,1915.0,10,1.1484375,1.72265625,0.57421875,2.296875,175.68519892414136,395.36497649338804,True,1000.0,0.0,0.0,True,1915.0,0.0,0.0,0.0,0.0,0.0,6000.0,89.0,True,809.911249999999,60
73,SLO-first,extract-frames,1,91.62,576.1284499937619,1425.0,8,1.1484375,1.5791015625,0.57421875,1.72265625,206.99313121028717,369.13531878347476,True,1000.0,0.0,0.0,True,1425.0,0.0,0.0,0.0,0.0,0.0,6000.0,89.0,True,848.2596249999972,60
74,SLO-first,extract-frames,1,91.62,619.6051031684594,1910.0,11,1.1484375,2.009765625,0.57421875,5.7421875,172.9344081835714,446.67069498488803,True,1000.0,0.0,0.0,True,1910.0,0.0,0.0,0.0,0.0,0.0,6000.0,89.0,True,803.9137500000066,52
75,SLO-first,extract-frames,1,91.62,695.8438902135312,1250.0,10,1.1484375,1.79443359375,0.57421875,6.31640625,235.01110710236102,460.8327831111701,True,1000.0,0.0,0.0,True,1250.0,0.0,0.0,0.0,0.0,0.0,6000.0,89.0,True,783.9102920000016,60
76,SLO-first,extract-frames,1,91.62,614.4974479914281,1830.0,9,1.1484375,1.8662109375,0.57421875,5.7421875,190.19803971011578,424.29940828131225,True,1000.0,0.0,0.0,True,1830.0,0.0,0.0,0.0,0.0,0.0,6000.0,89.0,True,806.6516250000006,60
77,SLO-first,extract-frames,1,91.62,625.3039467678082,1320.0,8,1.1484375,1.65087890625,0.57421875,4.59375,214.29002197179668,411.0139247960115,True,1000.0,0.0,0.0,True,1320.0,0.0,0.0,0.0,0.0,0.0,6000.0,89.0,True,797.7200409999909,60
78,SLO-first,extract-frames,1,91.62,501.16706843469416,1530.0,8,1.1484375,1.36376953125,0.57421875,1.1484375,167.64812155164896,333.5189468830452,True,1000.0,0.0,0.0,True,1530.0,0.0,0.0,0.0,0.0,0.0,6000.0,89.0,True,812.0775000000009,56
79,SLO-first,extract-frames,1,91.62,499.5677034454748,1705.0,8,1.1484375,1.50732421875,0.57421875,6.890625,165.23900445967314,334.3286989858017,True,1000.0,0.0,0.0,True,1705.0,0.0,0.0,0.0,0.0,0.0,6000.0,89.0,True,822.3375830000066,60
80,SLO-first,extract-frames,1,91.62,463.0675625283696,1780.0,7,1.1484375,1.50732421875,0.57421875,2.296875,180.36816459333414,282.69939793503545,True,1000.0,0.0,0.0,True,1780.0,0.0,0.0,0.0,0.0,0.0,6000.0,89.0,True,834.6769999999992,54
81,SLO-first,extract-frames,1,91.62,552.2630170604939,1425.0,10,1.1484375,1.65087890625,0.57421875,4.01953125,162.76734455172144,389.4956725087725,True,1000.0,0.0,0.0,True,1425.0,0.0,0.0,0.0,0.0,0.0,6000.0,89.0,True,831.3344579999864,60
82,SLO-first,extract-frames,1,91.62,444.705873677936,1320.0,7,1.1484375,1.435546875,0.57421875,1.1484375,157.35391631910426,287.3519573588317,True,1000.0,0.0,0.0,True,1320.0,0.0,0.0,0.0,0.0,0.0,6000.0,89.0,True,803.8590839999955,60
83,SLO-first,extract-frames,1,91.62,538.3060814290666,1635.0,9,1.1484375,1.65087890625,0.57421875,3.4453125,165.27076768868557,373.035313740381,True,1000.0,0.0,0.0,True,1635.0,0.0,0.0,0.0,0.0,0.0,6000.0,89.0,True,809.5898329999898,60
84,SLO-first,extract-frames,1,91.62,500.9375626372837,1425.0,8,1.1484375,1.65087890625,0.57421875,1.1484375,171.93697823420234,329.00058440308135,True,1000.0,0.0,0.0,True,1425.0,0.0,0.0,0.0,0.0,0.0,6000.0,89.0,True,803.2713749999942,56
85,SLO-first,extract-frames,1,91.62,578.419537067123,1775.0,10,1.1484375,2.4404296875,0.57421875,1.72265625,165.87604055160867,412.5434965155143,True,1000.0,0.0,0.0,True,1775.0,0.0,0.0,0.0,0.0,0.0,6000.0,89.0,True,826.5959579999986,54
86,SLO-first,extract-frames,1,91.62,508.93800958475185,1390.0,9,1.1484375,1.5791015625,0.57421875,4.01953125,159.79851219573675,349.1394973890151,True,1000.0,0.0,0.0,True,1390.0,0.0,0.0,0.0,0.0,0.0,6000.0,89.0,True,803.9910839999891,60
87,SLO-first,extract-frames,1,91.62,556.1533070637701,1600.0,10,1.1484375,1.8662109375,0.57421875,6.31640625,154.11101377003328,402.04229329373675,True,1000.0,0.0,0.0,True,1600.0,0.0,0.0,0.0,0.0,0.0,6000.0,89.0,True,761.4401659999999,58
88,SLO-first,extract-frames,1,91.62,683.5728505299528,1670.0,10,1.1484375,2.08154296875,0.57421875,2.296875,219.48700596687917,464.08584456307364,True,1000.0,0.0,0.0,True,1670.0,0.0,0.0,0.0,0.0,0.0,6000.0,89.0,True,822.2232920000039,58
89,SLO-first,extract-frames,1,91.62,531.5307175807727,1950.0,8,1.1484375,1.36376953125,0.57421875,5.7421875,191.30678053751492,340.2239370432578,True,1000.0,0.0,0.0,True,1950.0,0.0,0.0,0.0,0.0,0.0,6000.0,89.0,True,871.7537500000105,56
90,SLO-first,extract-frames,1,91.62,568.800408467772,1460.0,10,1.1484375,1.93798828125,0.57421875,2.296875,171.25565382907607,397.54475463869585,True,1000.0,0.0,0.0,True,1460.0,0.0,0.0,0.0,0.0,0.0,6000.0,89.0,True,826.2252499999931,60
91,SLO-first,extract-frames,1,91.62,589.9441221209871,1350.0,11,1.1484375,2.08154296875,0.57421875,1.72265625,156.70230643233927,433.2418156886478,True,1000.0,0.0,0.0,True,1350.0,0.0,0.0,0.0,0.0,0.0,6000.0,89.0,True,767.3472500000003,50
92,SLO-first,extract-frames,1,91.62,490.6997415117729,1250.0,8,1.1484375,1.50732421875,0.57421875,2.296875,164.9019228846031,325.7978186271698,True,1000.0,0.0,0.0,True,1250.0,0.0,0.0,0.0,0.0,0.0,6000.0,89.0,True,828.7010410000022,60
93,SLO-first,extract-frames,1,91.62,716.296229959181,1425.0,11,1.1484375,2.009765625,0.57421875,1.1484375,240.89901408918837,475.39721586999264,True,1000.0,0.0,0.0,True,1425.0,0.0,0.0,0.0,0.0,0.0,6000.0,89.0,True,803.6577090000065,60
94,SLO-first,extract-frames,1,91.62,672.9009010677022,1425.0,13,1.1484375,2.583984375,0.57421875,3.4453125,165.67389725342426,507.2270038142779,True,1000.0,0.0,0.0,True,1425.0,0.0,0.0,0.0,0.0,0.0,6000.0,89.0,True,791.4073329999951,56
95,SLO-first,extract-frames,1,91.62,494.07445915990974,1740.0,9,1.1484375,1.79443359375,0.57421875,3.4453125,155.7839020676821,338.29055709222763,True,1000.0,0.0,0.0,True,1740.0,0.0,0.0,0.0,0.0,0.0,6000.0,89.0,True,817.7146250000078,58
96,SLO-first,extract-frames,1,91.62,701.2665570609495,1740.0,13,1.1484375,2.51220703125,0.57421875,6.31640625,178.14841109041862,523.1181459705309,True,1000.0,0.0,0.0,True,1740.0,0.0,0.0,0.0,0.0,0.0,6000.0,89.0,True,776.8232920000031,60
97,SLO-first,extract-frames,1,91.62,644.901469340857,1250.0,12,1.1484375,2.009765625,0.57421875,3.4453125,180.4030681559459,464.49840118491113,True,1000.0,0.0,0.0,True,1250.0,0.0,0.0,0.0,0.0,0.0,6000.0,89.0,True,798.5903749999892,60
98,SLO-first,extract-frames,1,91.62,665.9279693707397,1250.0,13,1.1484375,2.583984375,0.57421875,3.4453125,151.83692117608206,514.0910481946576,True,1000.0,0.0,0.0,True,1250.0,0.0,0.0,0.0,0.0,0.0,6000.0,89.0,True,812.7357500000016,60
99,SLO-first,extract-frames,1,91.62,537.4402944456621,1425.0,9,1.1484375,1.50732421875,0.57421875,3.4453125,175.48641365257797,361.95388079308407,True,1000.0,0.0,0.0,True,1425.0,0.0,0.0,0.0,0.0,0.0,6000.0,89.0,True,840.8841670000129,60
0,SLO-first,object-det,1,91.62,396.6688661188619,1880.0,7,1.1484375,1.36376953125,0.57421875,7.46484375,122.69237804230592,273.976488076556,True,1000.0,0.0,0.0,True,1880.0,0.0,0.0,0.0,0.0,0.0,6000.0,89.0,True,800.8586250000036,54
1,SLO-first,object-det,1,91.62,691.80805300964,1425.0,14,1.1484375,2.36865234375,0.57421875,2.296875,125.35241511494235,566.4556378946977,True,1000.0,0.0,0.0,True,1425.0,0.0,0.0,0.0,0.0,0.0,6000.0,89.0,True,814.7886659999983,54
2,SLO-first,object-det,1,91.62,433.17059556935504,1495.0,8,1.1484375,1.79443359375,0.57421875,2.87109375,121.07305684828765,312.0975387210674,True,1000.0,0.0,0.0,True,1495.0,0.0,0.0,0.0,0.0,0.0,6000.0,89.0,True,836.6208339999872,58
3,SLO-first,object-det,1,91.62,453.36280215014347,1495.0,8,1.1484375,1.8662109375,0.57421875,3.4453125,118.26650039540024,335.09630175474325,True,1000.0,0.0,0.0,True,1495.0,0.0,0.0,0.0,0.0,0.0,6000.0,89.0,True,830.630499999998,60
4,SLO-first,object-det,1,91.62,708.2626283414214,1355.0,13,1.1484375,2.1533203125,0.57421875,5.16796875,143.38638364188827,564.8762446995331,True,1000.0,0.0,0.0,True,1355.0,0.0,0.0,0.0,0.0,0.0,6000.0,89.0,True,815.0944580000044,60
5,SLO-first,object-det,1,91.62,467.46086785770916,1740.0,8,1.1484375,1.8662109375,0.57421875,3.4453125,133.24082229250962,334.22004556519954,True,1000.0,0.0,0.0,True,1740.0,0.0,0.0,0.0,0.0,0.0,6000.0,89.0,True,805.9288329999958,60
6,SLO-first,object-det,1,91.62,394.66384710958346,1425.0,7,1.1484375,1.435546875,0.57421875,1.72265625,115.57810716714411,279.0857399424394,True,1000.0,0.0,0.0,True,1425.0,0.0,0.0,0.0,0.0,0.0,6000.0,89.0,True,835.5516250000079,60
7,SLO-first,object-det,1,91.62,432.6845630647887,1740.0,8,1.1484375,1.435546875,0.57421875,6.31640625,128.17608019716832,304.5084828676204,True,1000.0,0.0,0.0,True,1740.0,0.0,0.0,0.0,0.0,0.0,6000.0,89.0,True,840.9932499999826,58
8,SLO-first,object-det,1,91.62,359.0587774690364,1670.0,6,1.1484375,1.22021484375,0.57421875,6.890625,113.43034418332138,245.628433285715,True,1000.0,0.0,0.0,True,1670.0,0.0,0.0,0.0,0.0,0.0,6000.0,89.0,True,792.3318750000021,60
9,SLO-first,object-det,1,91.62,406.8799526229145,1400.0,7,1.1484375,1.36376953125,0.57421875,2.87109375,129.97439765915,276.90555496376453,True,1000.0,0.0,0.0,True,1400.0,0.0,0.0,0.0,0.0,0.0,6000.0,89.0,True,814.2687920000071,60
10,SLO-first,object-det,1,91.62,389.53637846702645,1740.0,7,1.1484375,1.50732421875,0.57421875,1.72265625,105.96916301297509,283.56721545405134,True,1000.0,0.0,0.0,True,1740.0,0.0,0.0,0.0,0.0,0.0,6000.0,89.0,True,824.641000000014,60
11,SLO-first,object-det,1,91.62,447.3927666557883,1495.0,9,1.1484375,2.08154296875,0.57421875,3.4453125,104.72821038992036,342.66455626586793,True,1000.0,0.0,0.0,True,1495.0,0.0,0.0,0.0,0.0,0.0,6000.0,89.0,True,792.6085830000034,58
12,SLO-first,object-det,1,91.62,454.83498057303393,1425.0,7,1.1484375,1.2919921875,0.57421875,2.87109375,129.7600985050539,325.07488206798007,True,1000.0,0.0,0.0,True,1425.0,0.0,0.0,0.0,0.0,0.0,6000.0,89.0,True,807.7418749999765,60
13,SLO-first,object-det,1,91.62,558.3552698859583,2090.0,11,1.1484375,2.296875,0.57421875,8.61328125,106.52638340892676,451.8288864770315,True,1000.0,0.0,0.0,True,2090.0,0.0,0.0,0.0,0.0,0.0,6000.0,89.0,True,822.2886670000094,56
14,SLO-first,object-det,1,91.62,530.3408430439193,1495.0,11,1.1484375,1.65087890625,0.57421875,3.4453125,114.51370205981952,415.82714098409986,True,1000.0,0.0,0.0,True,1495.0,0.0,0.0,0.0,0.0,0.0,6000.0,89.0,True,799.5711669999821,54
15,SLO-first,object-det,1,91.62,570.8984230555329,1075.0,10,1.1484375,1.79443359375,0.57421875,4.59375,132.76391427179004,438.1345087837429,True,1000.0,0.0,0.0,True,1075.0,0.0,0.0,0.0,0.0,0.0,6000.0,89.0,True,777.9000419999988,56
16,SLO-first,object-det,1,91.62,683.5277955830752,1320.0,13,1.1484375,2.7275390625,0.57421875,4.59375,142.48540315772823,541.042392425347,True,1000.0,0.0,0.0,True,1320.0,0.0,0.0,0.0,0.0,0.0,6000.0,89.0,True,851.5206250000062,60
17,SLO-first,object-det,1,91.62,431.1043675784923,1775.0,8,1.1484375,1.50732421875,0.57421875,5.16796875,115.68366056520631,315.420707013286,True,1000.0,0.0,0.0,True,1775.0,0.0,0.0,0.0,0.0,0.0,6000.0,89.0,True,806.6352920000099,60
18,SLO-first,object-det,1,91.62,434.6184441213911,1565.0,8,1.1484375,1.5791015625,0.57421875,3.4453125,122.65065966923646,311.96778445215466,True,1000.0,0.0,0.0,True,1565.0,0.0,0.0,0.0,0.0,0.0,6000.0,89.0,True,816.0983749999957,56
19,SLO-first,object-det,1,91.62,519.6615470604581,1745.0,10,1.1484375,1.8662109375,0.57421875,6.890625,129.73384213021367,389.92770493024443,True,1000.0,0.0,0.0,True,1745.0,0.0,0.0,0.0,0.0,0.0,6000.0,89.0,True,814.2386670000121,60
20,SLO-first,object-det,1,91.62,661.7679046539577,1495.0,12,1.1484375,1.93798828125,0.57421875,2.296875,140.31788469826304,521.4500199556946,True,1000.0,0.0,0.0,True,1495.0,0.0,0.0,0.0,0.0,0.0,6000.0,89.0,True,798.6268749999965,60
21,SLO-first,object-det,1,91.62,529.5162729638857,1390.0,10,1.1484375,2.1533203125,0.57421875,6.31640625,123.36228886217766,406.15398410170803,True,1000.0,0.0,0.0,True,1390.0,0.0,0.0,0.0,0.0,0.0,6000.0,89.0,True,825.5373750000103,60
22,SLO-first,object-det,1,91.62,513.8290934585054,1740.0,10,1.1484375,1.79443359375,0.57421875,7.46484375,122.46501109539044,391.36408236311496,True,1000.0,0.0,0.0,True,1740.0,0.0,0.0,0.0,0.0,0.0,6000.0,89.0,True,819.350959000019,58
23,SLO-first,object-det,1,91.62,464.1570134349538,1355.0,8,1.1484375,1.65087890625,0.57421875,4.59375,140.31301987238126,323.84399356257256,True,1000.0,0.0,0.0,True,1355.0,0.0,0.0,0.0,0.0,0.0,6000.0,89.0,True,808.3271250000053,60
24,SLO-first,object-det,1,91.62,498.4933549846396,1705.0,9,1.1484375,2.296875,0.57421875,5.7421875,118.16727715824734,380.3260778263923,True,1000.0,0.0,0.0,True,1705.0,0.0,0.0,0.0,0.0,0.0,6000.0,89.0,True,801.8355420000205,56
25,SLO-first,object-det,1,91.62,519.1881850218027,2195.0,9,1.1484375,1.5791015625,0.57421875,4.59375,130.61215692282835,388.5760280989744,True,1000.0,0.0,0.0,True,2195.0,0.0,0.0,0.0,0.0,0.0,6000.0,89.0,True,846.9062919999999,54
26,SLO-first,object-det,1,91.62,727.1722136236764,2055.0,10,1.1484375,1.79443359375,0.57421875,5.7421875,191.95736971981765,535.2148439038588,True,1000.0,0.0,0.0,True,2055.0,0.0,0.0,0.0,0.0,0.0,6000.0,89.0,True,801.9291250000151,60
27,SLO-first,object-det,1,91.62,445.4516844633797,1425.0,6,1.1484375,1.22021484375,0.57421875,2.87109375,157.18590651521444,288.2657779481653,True,1000.0,0.0,0.0,True,1425.0,0.0,0.0,0.0,0.0,0.0,6000.0,89.0,True,812.7818749999847,54
28,SLO-first,object-det,1,91.62,479.06271638095046,2195.0,9,1.1484375,1.8662109375,0.57421875,8.61328125,114.60049979733839,364.4622165836121,True,1000.0,0.0,0.0,True,2195.0,0.0,0.0,0.0,0.0,0.0,6000.0,89.0,True,847.3449169999867,60
29,SLO-first,object-det,1,91.62,597.088202027837,935.0,12,1.1484375,2.36865234375,0.57421875,4.01953125,121.23640113389587,475.8518008939412,True,1000.0,0.0,0.0,True,935.0,0.0,0.0,0.0,0.0,0.0,6000.0,89.0,True,796.4847080000084,54
30,SLO-first,object-det,1,91.62,749.6422659064152,1355.0,16,1.1484375,2.87109375,0.57421875,5.16796875,117.90395258250116,631.7383133239141,True,1000.0,0.0,0.0,True,1355.0,0.0,0.0,0.0,0.0,0.0,6000.0,89.0,True,821.0058749999973,60
31,SLO-first,object-det,1,91.62,394.4807437040125,1670.0,7,1.1484375,1.435546875,0.57421875,5.7421875,123.6907303351878,270.79001336882476,True,1000.0,0.0,0.0,True,1670.0,0.0,0.0,0.0,0.0,0.0,6000.0,89.0,True,790.9349999999904,54
32,SLO-first,object-det,1,91.62,730.3258540530668,1740.0,12,1.1484375,2.36865234375,0.57421875,4.01953125,160.96011642968884,569.365737623378,True,1000.0,0.0,0.0,True,1740.0,0.0,0.0,0.0,0.0,0.0,6000.0,89.0,True,775.1329999999825,60
33,SLO-first,object-det,1,91.62,526.9109124623143,1460.0,10,1.1484375,2.009765625,0.57421875,2.296875,127.61696685709529,399.293945605219,True,1000.0,0.0,0.0,True,1460.0,0.0,0.0,0.0,0.0,0.0,6000.0,89.0,True,823.3785830000215,56
34,SLO-first,object-det,1,91.62,551.6535810558479,1530.0,9,1.1484375,1.65087890625,0.57421875,5.7421875,148.20333513555224,403.4502459202957,True,1000.0,0.0,0.0,True,1530.0,0.0,0.0,0.0,0.0,0.0,6000.0,89.0,True,814.1568329999984,60
35,SLO-first,object-det,1,91.62,454.1136224683951,1495.0,9,1.1484375,1.79443359375,0.57421875,5.7421875,110.31814222531612,343.79548024307894,True,1000.0,0.0,0.0,True,1495.0,0.0,0.0,0.0,0.0,0.0,6000.0,89.0,True,834.9404580000055,60
36,SLO-first,object-det,1,91.62,337.70335236486915,1460.0,5,1.1484375,1.1484375,0.57421875,2.296875,136.81904339012831,200.88430897474083,True,1000.0,0.0,0.0,True,1460.0,0.0,0.0,0.0,0.0,0.0,6000.0,89.0,True,844.4934589999775,60
37,SLO-first,object-det,1,91.62,462.3195113441748,1075.0,9,1.1484375,1.79443359375,0.57421875,1.72265625,131.00996973529698,331.30954160887785,True,1000.0,0.0,0.0,True,1075.0,0.0,0.0,0.0,0.0,0.0,6000.0,89.0,True,835.8513749999759,60
38,SLO-first,object-det,1,91.62,650.4565557229772,1390.0,13,1.1484375,2.65576171875,0.57421875,3.4453125,121.90965029118802,528.5469054317892,True,1000.0,0.0,0.0,True,1390.0,0.0,0.0,0.0,0.0,0.0,6000.0,89.0,True,798.2785830000125,60
39,SLO-first,object-det,1,91.62,570.4047993188641,1075.0,12,1.1484375,1.72265625,0.57421875,1.1484375,111.9811733683854,458.42362595047865,True,1000.0,0.0,0.0,True,1075.0,0.0,0.0,0.0,0.0,0.0,6000.0,89.0,True,825.198792000009,58
40,SLO-first,object-det,1,91.62,707.0555141667587,1320.0,11,1.1484375,2.08154296875,0.57421875,1.72265625,163.13174513977242,543.9237690269863,True,1000.0,0.0,0.0,True,1320.0,0.0,0.0,0.0,0.0,0.0,6000.0,89.0,True,841.6763330000094,60
41,SLO-first,object-det,1,91.62,331.35405666129674,1390.0,5,1.1484375,1.1484375,0.57421875,2.296875,118.42840452933137,212.92565213196536,True,1000.0,0.0,0.0,True,1390.0,0.0,0.0,0.0,0.0,0.0,6000.0,89.0,True,824.6665000000064,60
42,SLO-first,object-det,1,91.62,511.56899116210724,1600.0,9,1.1484375,1.65087890625,0.57421875,3.4453125,141.15145280664598,370.41753835546126,True,1000.0,0.0,0.0,True,1600.0,0.0,0.0,0.0,0.0,0.0,6000.0,89.0,True,841.0647080000047,60
43,SLO-first,object-det,1,91.62,535.2677182264629,1215.0,11,1.1484375,2.22509765625,0.57421875,1.72265625,115.33646156077256,419.9312566656903,True,1000.0,0.0,0.0,True,1215.0,0.0,0.0,0.0,0.0,0.0,6000.0,89.0,True,817.751708000003,58
44,SLO-first,object-det,1,91.62,535.8947002257045,1845.0,10,1.1484375,1.79443359375,0.57421875,4.01953125,123.07659282793377,412.8181073977707,True,1000.0,0.0,0.0,True,1845.0,0.0,0.0,0.0,0.0,0.0,6000.0,89.0,True,804.0199579999978,58
45,SLO-first,object-det,1,91.62,536.2455686619019,1845.0,9,1.1484375,1.79443359375,0.57421875,6.31640625,130.84820947096983,405.397359190932,True,1000.0,0.0,0.0,True,1845.0,0.0,0.0,0.0,0.0,0.0,6000.0,89.0,True,842.7821249999852,60
46,SLO-first,object-det,1,91.62,546.7593060396467,1425.0,11,1.1484375,1.79443359375,0.57421875,2.296875,125.63209289734303,421.12721314230373,True,1000.0,0.0,0.0,True,1425.0,0.0,0.0,0.0,0.0,0.0,6000.0,89.0,True,807.131499999997,60
47,SLO-first,object-det,1,91.62,440.5299913088783,1775.0,8,1.1484375,1.435546875,0.57421875,5.16796875,136.67890484558058,303.85108646329775,True,1000.0,0.0,0.0,True,1775.0,0.0,0.0,0.0,0.0,0.0,6000.0,89.0,True,818.8403329999971,60
48,SLO-first,object-det,1,91.62,611.3240939602564,1425.0,10,1.1484375,2.009765625,0.57421875,2.296875,141.29679189749262,470.0273020627638,True,1000.0,0.0,0.0,True,1425.0,0.0,0.0,0.0,0.0,0.0,6000.0,89.0,True,817.9981250000026,54
49,SLO-first,object-det,1,91.62,418.48652239611926,1705.0,8,1.1484375,1.5791015625,0.57421875,5.16796875,115.23190916763123,303.25461322848804,True,1000.0,0.0,0.0,True,1705.0,0.0,0.0,0.0,0.0,0.0,6000.0,89.0,True,824.7665000000097,60
50,SLO-first,object-det,1,91.62,479.8360301575433,1530.0,9,1.1484375,1.435546875,0.57421875,4.01953125,124.71600989496791,355.1200202625754,True,1000.0,0.0,0.0,True,1530.0,0.0,0.0,0.0,0.0,0.0,6000.0,89.0,True,827.7645000000007,58
51,SLO-first,object-det,1,91.62,432.07128240997224,1460.0,7,1.1484375,1.36376953125,0.57421875,2.87109375,124.4036901940107,307.6675922159615,True,1000.0,0.0,0.0,True,1460.0,0.0,0.0,0.0,0.0,0.0,6000.0,89.0,True,791.4487500000007,58
52,SLO-first,object-det,1,91.62,740.9510809842898,1670.0,14,1.1484375,2.1533203125,0.57421875,8.0390625,151.47263573563717,589.4784452486526,True,1000.0,0.0,0.0,True,1670.0,0.0,0.0,0.0,0.0,0.0,6000.0,89.0,True,816.9709169999919,58
53,SLO-first,object-det,1,91.62,613.6543435170448,2130.0,13,1.1484375,2.7275390625,0.57421875,3.4453125,124.63189802985585,489.022445487189,True,1000.0,0.0,0.0,True,2130.0,0.0,0.0,0.0,0.0,0.0,6000.0,89.0,True,808.9228749999791,60
54,SLO-first,object-det,1,91.62,695.0995136012621,1740.0,10,1.1484375,1.5791015625,0.57421875,3.4453125,187.53045829375017,507.5690553075119,True,1000.0,0.0,0.0,True,1740.0,0.0,0.0,0.0,0.0,0.0,6000.0,89.0,True,798.6775839999893,60
55,SLO-first,object-det,1,91.62,511.18144322235145,1425.0,10,1.1484375,1.8662109375,0.57421875,4.01953125,116.30910692037703,394.8723363019744,True,1000.0,0.0,0.0,True,1425.0,0.0,0.0,0.0,0.0,0.0,6000.0,89.0,True,838.358124999985,56
56,SLO-first,object-det,1,91.62,642.7874788054811,1670.0,11,1.1484375,2.296875,0.57421875,4.01953125,144.76401746341264,498.02346134206846,True,1000.0,0.0,0.0,True,1670.0,0.0,0.0,0.0,0.0,0.0,6000.0,89.0,True,799.4415420000109,60
57,SLO-first,object-det,1,91.62,405.2207848493832,1775.0,7,1.1484375,1.435546875,0.57421875,4.01953125,125.3299364468032,279.89084840258,True,1000.0,0.0,0.0,True,1775.0,0.0,0.0,0.0,0.0,0.0,6000.0,89.0,True,813.3270419999974,58
58,SLO-first,object-det,1,91.62,692.1057830116426,1845.0,14,1.1484375,2.296875,0.57421875,2.87109375,122.63569139172874,569.4700916199139,True,1000.0,0.0,0.0,True,1845.0,0.0,0.0,0.0,0.0,0.0,6000.0,89.0,True,809.7607910000022,60
59,SLO-first,object-det,1,91.62,560.6100405674281,1495.0,10,1.1484375,1.72265625,0.57421875,2.87109375,124.2504134758952,436.35962709153284,True,1000.0,0.0,0.0,True,1495.0,0.0,0.0,0.0,0.0,0.0,6000.0,89.0,True,880.5405420000056,60
60,SLO-first,object-det,1,91.62,635.5096533733566,1530.0,11,1.1484375,2.36865234375,0.57421875,3.4453125,145.9545197254769,489.5551336478797,True,1000.0,0.0,0.0,True,1530.0,0.0,0.0,0.0,0.0,0.0,6000.0,89.0,True,811.2549580000064,56
61,SLO-first,object-det,1,91.62,871.2392622383652,1985.0,14,1.1484375,1.8662109375,0.57421875,2.296875,193.39151037983225,677.847751858533,True,1000.0,0.0,0.0,True,1985.0,0.0,0.0,0.0,0.0,0.0,6000.0,89.0,True,835.2558750000014,54
62,SLO-first,object-det,1,91.62,499.60777656439814,1250.0,10,1.1484375,2.009765625,0.57421875,3.4453125,115.15914834196357,384.44862822243454,True,1000.0,0.0,0.0,True,1250.0,0.0,0.0,0.0,0.0,0.0,6000.0,89.0,True,821.3761250000005,60
63,SLO-first,object-det,1,91.62,537.0382914873339,1790.0,9,1.1484375,1.72265625,0.57421875,4.59375,131.36562334716197,405.672668140172,True,1000.0,0.0,0.0,True,1790.0,0.0,0.0,0.0,0.0,0.0,6000.0,89.0,True,828.9607499999931,58
64,SLO-first,object-det,1,91.62,531.0148899206087,1355.0,9,1.1484375,1.72265625,0.57421875,3.4453125,151.40152422967697,379.6133656909317,True,1000.0,0.0,0.0,True,1355.0,0.0,0.0,0.0,0.0,0.0,6000.0,89.0,True,797.1748749999961,60
65,SLO-first,object-det,1,91.62,611.4809327009864,2230.0,11,1.1484375,1.72265625,0.57421875,6.31640625,138.38829158023844,473.0926411207479,True,1000.0,0.0,0.0,True,2230.0,0.0,0.0,0.0,0.0,0.0,6000.0,89.0,True,844.7671659999969,60
66,SLO-first,object-det,1,91.62,447.17349612964665,1915.0,7,1.1484375,1.36376953125,0.57421875,7.46484375,136.70214213734752,310.47135399229916,True,1000.0,0.0,0.0,True,1915.0,0.0,0.0,0.0,0.0,0.0,6000.0,89.0,True,801.3386660000208,60
67,SLO-first,object-det,1,91.62,673.2698754570547,1815.0,13,1.1484375,2.08154296875,0.57421875,4.01953125,132.52941974818287,540.7404557088718,True,1000.0,0.0,0.0,True,1815.0,0.0,0.0,0.0,0.0,0.0,6000.0,89.0,True,803.375625000001,60
68,SLO-first,object-det,1,91.62,540.180532396505,1570.0,10,1.1484375,1.5791015625,0.57421875,4.59375,126.52730737462149,413.6532250218835,True,1000.0,0.0,0.0,True,1570.0,0.0,0.0,0.0,0.0,0.0,6000.0,89.0,True,800.6505839999818,60
69,SLO-first,object-det,1,91.62,344.3963042568728,1390.0,5,1.1484375,1.1484375,0.57421875,2.296875,141.28690852655131,203.1093957303215,True,1000.0,0.0,0.0,True,1390.0,0.0,0.0,0.0,0.0,0.0,6000.0,89.0,True,832.5244170000019,60
70,SLO-first,object-det,1,91.62,474.2735292180191,1285.0,7,1.1484375,1.50732421875,0.57421875,2.296875,137.8282103793598,336.4453188386593,True,1000.0,0.0,0.0,True,1285.0,0.0,0.0,0.0,0.0,0.0,6000.0,89.0,True,834.6744169999738,60
71,SLO-first,object-det,1,91.62,615.7351221080017,1530.0,12,1.1484375,2.1533203125,0.57421875,5.7421875,114.43733320998895,501.29778889801275,True,1000.0,0.0,0.0,True,1530.0,0.0,0.0,0.0,0.0,0.0,6000.0,89.0,True,820.1316249999877,58
72,SLO-first,object-det,1,91.62,489.72905396023543,1250.0,9,1.1484375,1.72265625,0.57421875,4.01953125,122.36548555824902,367.3635684019864,True,1000.0,0.0,0.0,True,1250.0,0.0,0.0,0.0,0.0,0.0,6000.0,89.0,True,795.8433749999756,60
73,SLO-first,object-det,1,91.62,569.6250031984786,1530.0,10,1.1484375,1.5791015625,0.57421875,3.4453125,134.96127798626983,434.66372521220876,True,1000.0,0.0,0.0,True,1530.0,0.0,0.0,0.0,0.0,0.0,6000.0,89.0,True,839.5985420000045,60
74,SLO-first,object-det,1,91.62,516.5603627961871,1355.0,10,1.1484375,1.79443359375,0.57421875,2.296875,116.63500176462142,399.9253610315656,True,1000.0,0.0,0.0,True,1355.0,0.0,0.0,0.0,0.0,0.0,6000.0,89.0,True,834.956792000014,60
75,SLO-first,object-det,1,91.62,449.1378649185688,970.0,8,1.1484375,1.50732421875,0.57421875,4.01953125,118.05506190658792,331.0828030119809,True,1000.0,0.0,0.0,True,970.0,0.0,0.0,0.0,0.0,0.0,6000.0,89.0,True,853.787667000006,60
76,SLO-first,object-det,1,91.62,563.1763300932678,2020.0,11,1.1484375,1.93798828125,0.57421875,5.7421875,120.6593964984657,442.51693359480214,True,1000.0,0.0,0.0,True,2020.0,0.0,0.0,0.0,0.0,0.0,6000.0,89.0,True,852.0040829999971,60
77,SLO-first,object-det,1,91.62,453.0326309800422,1670.0,8,1.1484375,1.79443359375,0.57421875,3.4453125,134.54180374315402,318.4908272368882,True,1000.0,0.0,0.0,True,1670.0,0.0,0.0,0.0,0.0,0.0,6000.0,89.0,True,853.6429579999947,56
78,SLO-first,object-det,1,91.62,551.9434814530462,1285.0,11,1.1484375,2.4404296875,0.57421875,1.72265625,114.64115427548576,437.3023271775604,True,1000.0,0.0,0.0,True,1285.0,0.0,0.0,0.0,0.0,0.0,6000.0,89.0,True,825.5584999999996,60
79,SLO-first,object-det,1,91.62,572.713449694086,1565.0,10,1.1484375,2.08154296875,0.57421875,6.31640625,146.94057701566123,425.7728726784248,True,1000.0,0.0,0.0,True,1565.0,0.0,0.0,0.0,0.0,0.0,6000.0,89.0,True,871.209250000021,58
80,SLO-first,object-det,1,91.62,513.5596290363341,1460.0,9,1.1484375,1.65087890625,0.57421875,2.296875,124.68749380356958,388.87213523276444,True,1000.0,0.0,0.0,True,1460.0,0.0,0.0,0.0,0.0,0.0,6000.0,89.0,True,824.9290420000079,54
81,SLO-first,object-det,1,91.62,476.76480351088526,1885.0,9,1.1484375,1.8662109375,0.57421875,5.16796875,114.0379126446077,362.7268908662776,True,1000.0,0.0,0.0,True,1885.0,0.0,0.0,0.0,0.0,0.0,6000.0,89.0,True,803.158916000001,58
82,SLO-first,object-det,1,91.62,703.8191933696365,1915.0,13,1.1484375,2.08154296875,0.57421875,7.46484375,146.0186281548379,557.8005652147987,True,1000.0,0.0,0.0,True,1915.0,0.0,0.0,0.0,0.0,0.0,6000.0,89.0,True,833.1467500000258,58
83,SLO-first,object-det,1,91.62,584.5159870443263,1750.0,12,1.1484375,1.65087890625,0.57421875,5.16796875,119.24977377031446,465.26621327401176,True,1000.0,0.0,0.0,True,1750.0,0.0,0.0,0.0,0.0,0.0,6000.0,89.0,True,858.3493749999889,60
84,SLO-first,object-det,1,91.62,525.2860083000778,1600.0,10,1.1484375,1.72265625,0.57421875,5.7421875,108.06900998091703,417.2169983191608,True,1000.0,0.0,0.0,True,1600.0,0.0,0.0,0.0,0.0,0.0,6000.0,89.0,True,815.5366669999751,60
85,SLO-first,object-det,1,91.62,552.1881265751686,1495.0,10,1.1484375,1.93798828125,0.57421875,6.890625,132.56273345336086,419.62539312180763,True,1000.0,0.0,0.0,True,1495.0,0.0,0.0,0.0,0.0,0.0,6000.0,89.0,True,864.3351670000072,58
86,SLO-first,object-det,1,91.62,665.2813029110773,1530.0,11,1.1484375,1.72265625,0.57421875,6.890625,153.72349958535142,511.55780332572584,True,1000.0,0.0,0.0,True,1530.0,0.0,0.0,0.0,0.0,0.0,6000.0,89.0,True,807.3619590000192,60
87,SLO-first,object-det,1,91.62,446.11632287345844,1845.0,8,1.1484375,1.65087890625,0.57421875,6.31640625,112.25845967032605,333.8578632031324,True,1000.0,0.0,0.0,True,1845.0,0.0,0.0,0.0,0.0,0.0,6000.0,89.0,True,784.8862090000068,60
88,SLO-first,object-det,1,91.62,538.8835961739774,1390.0,11,1.1484375,2.36865234375,0.57421875,3.4453125,120.04602097985449,418.83757519412285,True,1000.0,0.0,0.0,True,1390.0,0.0,0.0,0.0,0.0,0.0,6000.0,89.0,True,783.0428329999961,60
89,SLO-first,object-det,1,91.62,502.91578857826767,1320.0,10,1.1484375,1.65087890625,0.57421875,1.72265625,117.92441860655805,384.9913699717096,True,1000.0,0.0,0.0,True,1320.0,0.0,0.0,0.0,0.0,0.0,6000.0,89.0,True,819.3191670000033,56
90,SLO-first,object-det,1,91.62,543.4813114137412,1600.0,10,1.1484375,1.79443359375,0.57421875,2.87109375,122.30857938643743,421.1727320273038,True,1000.0,0.0,0.0,True,1600.0,0.0,0.0,0.0,0.0,0.0,6000.0,89.0,True,837.8899580000052,58
91,SLO-first,object-det,1,91.62,427.45997998467277,1495.0,6,1.1484375,1.22021484375,0.57421875,4.59375,160.10695398447103,267.35302600020174,True,1000.0,0.0,0.0,True,1495.0,0.0,0.0,0.0,0.0,0.0,6000.0,89.0,True,814.2387089999943,60
92,SLO-first,object-det,1,91.62,774.6692803002118,1810.0,12,1.1484375,2.79931640625,0.57421875,6.890625,177.1371676941739,597.5321126060379,True,1000.0,0.0,0.0,True,1810.0,0.0,0.0,0.0,0.0,0.0,6000.0,89.0,True,851.6178750000165,54
93,SLO-first,object-det,1,91.62,474.4227889681068,1845.0,9,1.1484375,1.72265625,0.57421875,4.01953125,114.10444221781411,360.3183467502927,True,1000.0,0.0,0.0,True,1845.0,0.0,0.0,0.0,0.0,0.0,6000.0,89.0,True,849.3125829999997,60
94,SLO-first,object-det,1,91.62,761.3259222805965,1780.0,13,1.1484375,2.08154296875,0.57421875,4.01953125,164.87732121543104,596.4486010651655,True,1000.0,0.0,0.0,True,1780.0,0.0,0.0,0.0,0.0,0.0,6000.0,89.0,True,833.2740000000172,60
95,SLO-first,object-det,1,91.62,542.911456656552,1880.0,10,1.1484375,2.08154296875,0.57421875,8.0390625,116.94518516622207,425.96627149033,True,1000.0,0.0,0.0,True,1880.0,0.0,0.0,0.0,0.0,0.0,6000.0,89.0,True,837.6389169999925,60
96,SLO-first,object-det,1,91.62,572.2268302611056,1355.0,10,1.1484375,1.79443359375,0.57421875,6.31640625,139.23240275436538,432.99442750674024,True,1000.0,0.0,0.0,True,1355.0,0.0,0.0,0.0,0.0,0.0,6000.0,89.0,True,796.9710830000167,60
97,SLO-first,object-det,1,91.62,446.66262147910857,1740.0,8,1.1484375,1.50732421875,0.57421875,7.46484375,131.5003319643425,315.16228951476603,True,1000.0,0.0,0.0,True,1740.0,0.0,0.0,0.0,0.0,0.0,6000.0,89.0,True,820.0841250000224,56
98,SLO-first,object-det,1,91.62,449.15365373419434,1390.0,8,1.1484375,1.5791015625,0.57421875,5.16796875,118.94935346684734,330.204300267347,True,1000.0,0.0,0.0,True,1390.0,0.0,0.0,0.0,0.0,0.0,6000.0,89.0,True,824.1695000000107,60
99,SLO-first,object-det,1,91.62,400.8059238035242,1705.0,7,1.1484375,1.36376953125,0.57421875,4.59375,118.99185374923752,281.8140700542867,True,1000.0,0.0,0.0,True,1705.0,0.0,0.0,0.0,0.0,0.0,6000.0,89.0,True,801.899542000001,54
0,SLO-first,prepare-ds,1,91.62,601.7763434482978,1005.0,8,1.1484375,1.79443359375,0.57421875,1.72265625,283.3244169662571,318.4519264820407,True,1000.0,0.0,0.0,True,1005.0,0.0,0.0,0.0,0.0,0.0,6000.0,89.0,True,798.9849170000127,60
1,SLO-first,prepare-ds,1,91.62,557.4626063906138,1460.0,7,1.1484375,1.435546875,0.57421875,3.4453125,250.06258771945744,307.4000186711564,True,1000.0,0.0,0.0,True,1460.0,0.0,0.0,0.0,0.0,0.0,6000.0,89.0,True,797.1656670000016,60
2,SLO-first,prepare-ds,1,91.62,755.668224329253,1145.0,13,1.1484375,2.36865234375,0.57421875,2.87109375,255.09354268793354,500.57468164131944,True,1000.0,0.0,0.0,True,1145.0,0.0,0.0,0.0,0.0,0.0,6000.0,89.0,True,803.7082909999924,60
3,SLO-first,prepare-ds,1,91.62,625.0944217618633,1810.0,9,1.1484375,1.65087890625,0.57421875,2.87109375,269.93206324569934,355.1623585161639,True,1000.0,0.0,0.0,True,1810.0,0.0,0.0,0.0,0.0,0.0,6000.0,89.0,True,808.5802920000162,60
4,SLO-first,prepare-ds,1,91.62,763.8848870034399,2055.0,12,1.1484375,2.009765625,0.57421875,8.0390625,258.21361104219636,505.6712759612435,True,1000.0,0.0,0.0,True,2055.0,0.0,0.0,0.0,0.0,0.0,6000.0,89.0,True,822.3089169999866,60
5,SLO-first,prepare-ds,1,91.62,614.924564386607,1390.0,9,1.1484375,1.93798828125,0.57421875,6.31640625,254.2828709717077,360.64169341489935,True,1000.0,0.0,0.0,True,1390.0,0.0,0.0,0.0,0.0,0.0,6000.0,89.0,True,823.2921249999947,58
6,SLO-first,prepare-ds,1,91.62,489.33966882607706,1775.0,6,1.1484375,1.435546875,0.57421875,5.7421875,271.66154129013734,217.67812753593972,True,1000.0,0.0,0.0,True,1775.0,0.0,0.0,0.0,0.0,0.0,6000.0,89.0,True,790.1089579999905,60
7,SLO-first,prepare-ds,1,91.62,750.2303900074196,1565.0,12,1.1484375,2.296875,0.57421875,6.890625,262.38581283433973,487.8445771730799,True,1000.0,0.0,0.0,True,1565.0,0.0,0.0,0.0,0.0,0.0,6000.0,89.0,True,839.887707999992,60
8,SLO-first,prepare-ds,1,91.62,925.7943888421453,1780.0,14,1.1484375,2.1533203125,0.57421875,5.7421875,334.47096328115856,591.3234255609867,True,1000.0,0.0,0.0,True,1780.0,0.0,0.0,0.0,0.0,0.0,6000.0,89.0,True,822.0414589999905,58
9,SLO-first,prepare-ds,1,91.62,713.2344176722258,1145.0,7,1.1484375,1.36376953125,0.57421875,1.72265625,364.83244322285026,348.40197444937564,True,1000.0,0.0,0.0,True,1145.0,0.0,0.0,0.0,0.0,0.0,6000.0,89.0,True,830.46620799999,60
10,SLO-first,prepare-ds,1,91.62,640.4602036284673,1635.0,9,1.1484375,1.50732421875,0.57421875,3.4453125,273.0767229488665,367.3834806796008,True,1000.0,0.0,0.0,True,1635.0,0.0,0.0,0.0,0.0,0.0,6000.0,89.0,True,831.6008749999924,60
11,SLO-first,prepare-ds,1,91.62,722.5249253107521,1250.0,11,1.1484375,2.1533203125,0.57421875,3.4453125,282.8488468104538,439.67607850029833,True,1000.0,0.0,0.0,True,1250.0,0.0,0.0,0.0,0.0,0.0,6000.0,89.0,True,798.9187089999916,60
12,SLO-first,prepare-ds,1,91.62,543.8053764096728,1530.0,7,1.1484375,1.36376953125,0.57421875,7.46484375,259.8453176414755,283.96005876819726,True,1000.0,0.0,0.0,True,1530.0,0.0,0.0,0.0,0.0,0.0,6000.0,89.0,True,817.3990410000158,58
13,SLO-first,prepare-ds,1,91.62,652.1573054748867,1460.0,10,1.1484375,1.79443359375,0.57421875,1.1484375,267.5917131599164,384.5655923149702,True,1000.0,0.0,0.0,True,1460.0,0.0,0.0,0.0,0.0,0.0,6000.0,89.0,True,811.1419999999896,60
14,SLO-first,prepare-ds,1,91.62,809.453046783555,1810.0,13,1.1484375,2.296875,0.57421875,4.01953125,293.11358098071764,516.3394658028374,True,1000.0,0.0,0.0,True,1810.0,0.0,0.0,0.0,0.0,0.0,6000.0,89.0,True,829.3438750000064,60
15,SLO-first,prepare-ds,1,91.62,625.9492073272341,1615.0,6,1.1484375,1.2919921875,0.57421875,6.890625,340.62144176550794,285.3277655617262,True,1000.0,0.0,0.0,True,1615.0,0.0,0.0,0.0,0.0,0.0,6000.0,89.0,True,824.5477080000114,60
16,SLO-first,prepare-ds,1,91.62,711.6338937931707,1250.0,9,1.1484375,1.50732421875,0.57421875,6.890625,333.9924442385858,377.641449554585,True,1000.0,0.0,0.0,True,1250.0,0.0,0.0,0.0,0.0,0.0,6000.0,89.0,True,804.8508749999996,56
17,SLO-first,prepare-ds,1,91.62,831.512571234189,1250.0,14,1.1484375,2.36865234375,0.57421875,2.87109375,260.1252624710908,571.3873087630981,True,1000.0,0.0,0.0,True,1250.0,0.0,0.0,0.0,0.0,0.0,6000.0,89.0,True,817.3620420000134,60
18,SLO-first,prepare-ds,1,91.62,601.5477143132334,900.0,9,1.1484375,1.50732421875,0.57421875,2.296875,257.5878842854475,343.959830027786,True,1000.0,0.0,0.0,True,900.0,0.0,0.0,0.0,0.0,0.0,6000.0,89.0,True,813.5749589999932,60
19,SLO-first,prepare-ds,1,91.62,569.7465029961159,1600.0,8,1.1484375,1.79443359375,0.57421875,7.46484375,262.7747105244169,306.971792471699,True,1000.0,0.0,0.0,True,1600.0,0.0,0.0,0.0,0.0,0.0,6000.0,89.0,True,801.3937079999778,60
20,SLO-first,prepare-ds,1,91.62,575.8516458086146,1215.0,7,1.1484375,1.50732421875,0.57421875,2.87109375,283.1829679735717,292.668677835043,True,1000.0,0.0,0.0,True,1215.0,0.0,0.0,0.0,0.0,0.0,6000.0,89.0,True,833.7378329999865,60
21,SLO-first,prepare-ds,1,91.62,572.1429599362418,1705.0,8,1.1484375,1.8662109375,0.57421875,6.890625,252.6416151580271,319.50134477821473,True,1000.0,0.0,0.0,True,1705.0,0.0,0.0,0.0,0.0,0.0,6000.0,89.0,True,802.9535420000116,56
22,SLO-first,prepare-ds,1,91.62,798.8395690706184,1815.0,11,1.1484375,2.08154296875,0.57421875,2.296875,289.7530047090832,509.0865643615352,True,1000.0,0.0,0.0,True,1815.0,0.0,0.0,0.0,0.0,0.0,6000.0,89.0,True,778.9973750000172,56
23,SLO-first,prepare-ds,1,91.62,727.8847829205436,1705.0,11,1.1484375,2.22509765625,0.57421875,7.46484375,288.8825277906327,439.0022551299109,True,1000.0,0.0,0.0,True,1705.0,0.0,0.0,0.0,0.0,0.0,6000.0,89.0,True,791.7212090000021,56
24,SLO-first,prepare-ds,1,91.62,669.8976211291356,1530.0,10,1.1484375,1.65087890625,0.57421875,2.296875,262.84696439866264,407.0506567304729,True,1000.0,0.0,0.0,True,1530.0,0.0,0.0,0.0,0.0,0.0,6000.0,89.0,True,809.2373750000093,60
25,SLO-first,prepare-ds,1,91.62,516.1598983526753,1740.0,6,1.1484375,1.22021484375,0.57421875,5.7421875,267.83604290074646,248.32385545192892,True,1000.0,0.0,0.0,True,1740.0,0.0,0.0,0.0,0.0,0.0,6000.0,89.0,True,804.4106250000027,60
26,SLO-first,prepare-ds,1,91.62,656.2536881333608,1705.0,8,1.1484375,1.65087890625,0.57421875,4.01953125,298.52661846634027,357.7270696670206,True,1000.0,0.0,0.0,True,1705.0,0.0,0.0,0.0,0.0,0.0,6000.0,89.0,True,809.4537500000456,60
27,SLO-first,prepare-ds,1,91.62,681.0415016613335,1390.0,10,1.1484375,1.93798828125,0.57421875,2.87109375,288.26424242594874,392.7772592353848,True,1000.0,0.0,0.0,True,1390.0,0.0,0.0,0.0,0.0,0.0,6000.0,89.0,True,855.4364169999644,60
28,SLO-first,prepare-ds,1,91.62,809.2317813112463,1320.0,11,1.1484375,1.79443359375,0.57421875,4.01953125,323.0879757945179,486.1438055167285,True,1000.0,0.0,0.0,True,1320.0,0.0,0.0,0.0,0.0,0.0,6000.0,89.0,True,803.7308340000209,60
29,SLO-first,prepare-ds,1,91.62,609.6075725882055,1890.0,8,1.1484375,1.50732421875,0.57421875,1.72265625,274.3684524276764,335.23912016052907,True,1000.0,0.0,0.0,True,1890.0,0.0,0.0,0.0,0.0,0.0,6000.0,89.0,True,799.9196249999727,56
30,SLO-first,prepare-ds,1,91.62,772.5986147780172,1670.0,13,1.1484375,2.4404296875,0.57421875,7.46484375,252.3330534137136,520.2655613643036,True,1000.0,0.0,0.0,True,1670.0,0.0,0.0,0.0,0.0,0.0,6000.0,89.0,True,802.3533330000419,60
31,SLO-first,prepare-ds,1,91.62,887.531988458538,1740.0,12,1.1484375,2.1533203125,0.57421875,3.4453125,331.98325146314744,555.5487369953905,True,1000.0,0.0,0.0,True,1740.0,0.0,0.0,0.0,0.0,0.0,6000.0,89.0,True,839.4014169999764,60
32,SLO-first,prepare-ds,1,91.62,815.322865982462,1250.0,11,1.1484375,1.72265625,0.57421875,2.296875,315.49149230032924,499.8313736821328,True,1000.0,0.0,0.0,True,1250.0,0.0,0.0,0.0,0.0,0.0,6000.0,89.0,True,817.5170829999843,60
33,SLO-first,prepare-ds,1,91.62,719.4372272860691,1635.0,11,1.1484375,2.08154296875,0.57421875,6.890625,277.4419337350554,441.9952935510137,True,1000.0,0.0,0.0,True,1635.0,0.0,0.0,0.0,0.0,0.0,6000.0,89.0,True,856.3887920000184,56
34,SLO-first,prepare-ds,1,91.62,541.1480655264904,1740.0,7,1.1484375,1.2919921875,0.57421875,3.4453125,270.8126546737325,270.33541085275795,True,1000.0,0.0,0.0,True,1740.0,0.0,0.0,0.0,0.0,0.0,6000.0,89.0,True,829.8562500000344,58
35,SLO-first,prepare-ds,1,91.62,660.0167896926544,1390.0,9,1.1484375,1.8662109375,0.57421875,2.296875,291.6850027820676,368.3317869105868,True,1000.0,0.0,0.0,True,1390.0,0.0,0.0,0.0,0.0,0.0,6000.0,89.0,True,836.8792079999707,60
36,SLO-first,prepare-ds,1,91.62,676.4271584815523,1320.0,8,1.1484375,1.65087890625,0.57421875,2.296875,329.83565469725363,346.59150378429865,True,1000.0,0.0,0.0,True,1320.0,0.0,0.0,0.0,0.0,0.0,6000.0,89.0,True,846.0157909999566,56
37,SLO-first,prepare-ds,1,91.62,594.9427670331364,2055.0,8,1.1484375,1.435546875,0.57421875,5.7421875,280.5098297634,314.43293726973644,True,1000.0,0.0,0.0,True,2055.0,0.0,0.0,0.0,0.0,0.0,6000.0,89.0,True,828.3559580000315,60
38,SLO-first,prepare-ds,1,91.62,595.7593883233051,1215.0,8,1.1484375,1.72265625,0.57421875,4.59375,279.10343386020054,316.6559544631046,True,1000.0,0.0,0.0,True,1215.0,0.0,0.0,0.0,0.0,0.0,6000.0,89.0,True,810.2382920000082,58
39,SLO-first,prepare-ds,1,91.62,584.6072244696477,1915.0,8,1.1484375,1.435546875,0.57421875,4.59375,253.95805239296493,330.6491720766827,True,1000.0,0.0,0.0,True,1915.0,0.0,0.0,0.0,0.0,0.0,6000.0,89.0,True,837.4325419999877,60
40,SLO-first,prepare-ds,1,91.62,534.7954166160715,2235.0,7,1.1484375,1.5791015625,0.57421875,5.7421875,262.67196792572975,272.1234486903418,True,1000.0,0.0,0.0,True,2235.0,0.0,0.0,0.0,0.0,0.0,6000.0,89.0,True,816.0357080000153,60
41,SLO-first,prepare-ds,1,91.62,553.2923516195267,1670.0,7,1.1484375,1.435546875,0.57421875,6.890625,266.68847264721035,286.6038789723163,True,1000.0,0.0,0.0,True,1670.0,0.0,0.0,0.0,0.0,0.0,6000.0,89.0,True,802.3079170000074,54
42,SLO-first,prepare-ds,1,91.62,678.7883594341076,1950.0,11,1.1484375,2.009765625,0.57421875,2.87109375,243.75614153235108,435.03221790175655,True,1000.0,0.0,0.0,True,1950.0,0.0,0.0,0.0,0.0,0.0,6000.0,89.0,True,806.1389999999733,60
43,SLO-first,prepare-ds,1,91.62,540.096212951923,2190.0,7,1.1484375,1.2919921875,0.57421875,5.7421875,254.73531937720634,285.36089357471667,True,1000.0,0.0,0.0,True,2190.0,0.0,0.0,0.0,0.0,0.0,6000.0,89.0,True,842.1873749999804,56
44,SLO-first,prepare-ds,1,91.62,537.452278595664,1945.0,7,1.1484375,1.435546875,0.57421875,6.31640625,262.9674568077003,274.48482178796365,True,1000.0,0.0,0.0,True,1945.0,0.0,0.0,0.0,0.0,0.0,6000.0,89.0,True,804.5621249999613,50
45,SLO-first,prepare-ds,1,91.62,638.0375428676314,1605.0,7,1.1484375,1.2919921875,0.57421875,2.296875,305.8788464130929,332.1586964545385,True,1000.0,0.0,0.0,True,1605.0,0.0,0.0,0.0,0.0,0.0,6000.0,89.0,True,818.2752079999887,58
46,SLO-first,prepare-ds,1,91.62,650.5474400384189,1355.0,8,1.1484375,1.65087890625,0.57421875,3.4453125,272.8589959199372,377.6884441184817,True,1000.0,0.0,0.0,True,1355.0,0.0,0.0,0.0,0.0,0.0,6000.0,89.0,True,810.3362909999987,60
47,SLO-first,prepare-ds,1,91.62,600.5057594076123,1775.0,8,1.1484375,1.65087890625,0.57421875,4.59375,274.03369177107015,326.4720676365422,True,1000.0,0.0,0.0,True,1775.0,0.0,0.0,0.0,0.0,0.0,6000.0,89.0,True,768.9017499999977,60
48,SLO-first,prepare-ds,1,91.62,788.4986776165078,1600.0,13,1.1484375,2.51220703125,0.57421875,4.01953125,273.93963317132614,514.5590444451817,True,1000.0,0.0,0.0,True,1600.0,0.0,0.0,0.0,0.0,0.0,6000.0,89.0,True,785.6660830000237,60
49,SLO-first,prepare-ds,1,91.62,555.9865165211203,1615.0,7,1.1484375,1.50732421875,0.57421875,5.7421875,280.0801746403311,275.90634188078917,True,1000.0,0.0,0.0,True,1615.0,0.0,0.0,0.0,0.0,0.0,6000.0,89.0,True,812.0860420000326,60
50,SLO-first,prepare-ds,1,91.62,600.068407853714,1355.0,8,1.1484375,1.65087890625,0.57421875,1.72265625,273.328946780699,326.739461073015,True,1000.0,0.0,0.0,True,1355.0,0.0,0.0,0.0,0.0,0.0,6000.0,89.0,True,810.468582999988,60
51,SLO-first,prepare-ds,1,91.62,701.9136016784032,1985.0,10,1.1484375,1.79443359375,0.57421875,7.46484375,289.78787693198376,412.1257247464194,True,1000.0,0.0,0.0,True,1985.0,0.0,0.0,0.0,0.0,0.0,6000.0,89.0,True,832.8491249999956,60
52,SLO-first,prepare-ds,1,91.62,710.357145893033,1040.0,11,1.1484375,2.296875,0.57421875,2.296875,274.1859371734119,436.1712087196212,True,1000.0,0.0,0.0,True,1040.0,0.0,0.0,0.0,0.0,0.0,6000.0,89.0,True,777.5557499999763,60
53,SLO-first,prepare-ds,1,91.62,606.6238336548782,2370.0,8,1.1484375,1.5791015625,0.57421875,7.46484375,282.5085323419523,324.11530131292596,True,1000.0,0.0,0.0,True,2370.0,0.0,0.0,0.0,0.0,0.0,6000.0,89.0,True,793.2510830000297,60
54,SLO-first,prepare-ds,1,91.62,659.5730084400699,1215.0,10,1.1484375,1.72265625,0.57421875,2.296875,248.75054152400094,410.82246691606895,True,1000.0,0.0,0.0,True,1215.0,0.0,0.0,0.0,0.0,0.0,6000.0,89.0,True,833.0722080000328,60
55,SLO-first,prepare-ds,1,91.62,994.5748777901183,1880.0,19,1.1484375,2.65576171875,0.57421875,6.890625,251.97416822587113,742.6007095642472,True,1000.0,0.0,0.0,True,1880.0,0.0,0.0,0.0,0.0,0.0,6000.0,89.0,True,818.0614580000451,60
56,SLO-first,prepare-ds,1,91.62,570.5638658462001,1530.0,8,1.1484375,1.65087890625,0.57421875,2.296875,270.81902907561863,299.74483677058146,True,1000.0,0.0,0.0,True,1530.0,0.0,0.0,0.0,0.0,0.0,6000.0,89.0,True,830.4785830000014,60
57,SLO-first,prepare-ds,1,91.62,764.7065898668648,1390.0,12,1.1484375,2.296875,0.57421875,5.16796875,310.9093536570782,453.7972362097865,True,1000.0,0.0,0.0,True,1390.0,0.0,0.0,0.0,0.0,0.0,6000.0,89.0,True,809.8944170000095,60
58,SLO-first,prepare-ds,1,91.62,520.2136683899939,1670.0,6,1.1484375,1.22021484375,0.57421875,3.4453125,275.0143170933899,245.1993512966041,True,1000.0,0.0,0.0,True,1670.0,0.0,0.0,0.0,0.0,0.0,6000.0,89.0,True,786.6628749999904,58
59,SLO-first,prepare-ds,1,91.62,692.1496914297315,1740.0,9,1.1484375,1.72265625,0.57421875,7.46484375,291.04147520072644,401.1082162290051,True,1000.0,0.0,0.0,True,1740.0,0.0,0.0,0.0,0.0,0.0,6000.0,89.0,True,808.1427500000018,60
60,SLO-first,prepare-ds,1,91.62,701.2176084930218,1180.0,10,1.1484375,1.8662109375,0.57421875,2.87109375,278.9126985878072,422.30490990521463,True,1000.0,0.0,0.0,True,1180.0,0.0,0.0,0.0,0.0,0.0,6000.0,89.0,True,823.6391249999997,60
61,SLO-first,prepare-ds,1,91.62,673.0848109229354,2020.0,7,1.1484375,1.36376953125,0.57421875,6.31640625,353.66562727724954,319.41918364568585,True,1000.0,0.0,0.0,True,2020.0,0.0,0.0,0.0,0.0,0.0,6000.0,89.0,True,827.8724580000016,60
62,SLO-first,prepare-ds,1,91.62,700.3416222909273,1565.0,8,1.1484375,1.65087890625,0.57421875,1.1484375,305.99410944911745,394.34751284180976,True,1000.0,0.0,0.0,True,1565.0,0.0,0.0,0.0,0.0,0.0,6000.0,89.0,True,811.1286249999807,56
63,SLO-first,prepare-ds,1,91.62,532.0955590145072,1670.0,7,1.1484375,1.36376953125,0.57421875,4.01953125,249.2136499911212,282.881909023386,True,1000.0,0.0,0.0,True,1670.0,0.0,0.0,0.0,0.0,0.0,6000.0,89.0,True,820.1383749999991,60
64,SLO-first,prepare-ds,1,91.62,750.322640104491,1810.0,11,1.1484375,1.65087890625,0.57421875,8.0390625,292.09758488227106,458.22505522222,True,1000.0,0.0,0.0,True,1810.0,0.0,0.0,0.0,0.0,0.0,6000.0,89.0,True,809.9955420000242,56
65,SLO-first,prepare-ds,1,91.62,669.7927101950945,1740.0,10,1.1484375,1.79443359375,0.57421875,1.72265625,275.6602711180796,394.13243907701496,True,1000.0,0.0,0.0,True,1740.0,0.0,0.0,0.0,0.0,0.0,6000.0,89.0,True,797.5053330000037,58
66,SLO-first,prepare-ds,1,91.62,515.7053563218091,1145.0,6,1.1484375,1.435546875,0.57421875,2.296875,268.1014747046447,247.60388161716435,True,1000.0,0.0,0.0,True,1145.0,0.0,0.0,0.0,0.0,0.0,6000.0,89.0,True,818.3300000000031,60
67,SLO-first,prepare-ds,1,91.62,774.1328209151227,1070.0,10,1.1484375,2.296875,0.57421875,1.72265625,324.59952870861264,449.53329220651,True,1000.0,0.0,0.0,True,1070.0,0.0,0.0,0.0,0.0,0.0,6000.0,89.0,True,825.1516249999895,56
68,SLO-first,prepare-ds,1,91.62,860.5761099080651,1210.0,13,1.1484375,2.1533203125,0.57421875,2.296875,309.44520922483275,551.1309006832323,True,1000.0,0.0,0.0,True,1210.0,0.0,0.0,0.0,0.0,0.0,6000.0,89.0,True,801.139959000011,54
69,SLO-first,prepare-ds,1,91.62,717.6890586143679,1845.0,9,1.1484375,1.8662109375,0.57421875,6.890625,311.80145265182335,405.88760596254457,True,1000.0,0.0,0.0,True,1845.0,0.0,0.0,0.0,0.0,0.0,6000.0,89.0,True,807.211083000027,60
70,SLO-first,prepare-ds,1,91.62,850.801113914754,1810.0,10,1.1484375,1.79443359375,0.57421875,4.01953125,339.280555687442,511.52055822731194,True,1000.0,0.0,0.0,True,1810.0,0.0,0.0,0.0,0.0,0.0,6000.0,89.0,True,820.8533750000129,60
71,SLO-first,prepare-ds,1,91.62,749.2130804486902,1460.0,10,1.1484375,2.22509765625,0.57421875,1.1484375,297.89326474187646,451.31981570681376,True,1000.0,0.0,0.0,True,1460.0,0.0,0.0,0.0,0.0,0.0,6000.0,89.0,True,817.8619579999804,60
72,SLO-first,prepare-ds,1,91.62,640.3567273738204,1635.0,9,1.1484375,1.72265625,0.57421875,1.72265625,284.2467765903779,356.1099507834424,True,1000.0,0.0,0.0,True,1635.0,0.0,0.0,0.0,0.0,0.0,6000.0,89.0,True,817.2888749999743,56
73,SLO-first,prepare-ds,1,91.62,790.8478638770603,1635.0,8,1.1484375,1.435546875,0.57421875,7.46484375,348.42387474942575,442.42398912763457,True,1000.0,0.0,0.0,True,1635.0,0.0,0.0,0.0,0.0,0.0,6000.0,89.0,True,838.3433749999654,60
74,SLO-first,prepare-ds,1,91.62,671.006379445085,1465.0,10,1.1484375,1.5791015625,0.57421875,1.1484375,260.1580629526437,410.84831649244137,True,1000.0,0.0,0.0,True,1465.0,0.0,0.0,0.0,0.0,0.0,6000.0,89.0,True,819.4420410000021,60
75,SLO-first,prepare-ds,1,91.62,570.9814260990738,1915.0,7,1.1484375,1.36376953125,0.57421875,2.87109375,288.4039722549654,282.57745384410833,True,1000.0,0.0,0.0,True,1915.0,0.0,0.0,0.0,0.0,0.0,6000.0,89.0,True,804.1059999999902,58
76,SLO-first,prepare-ds,1,91.62,674.3761131953088,1775.0,10,1.1484375,2.1533203125,0.57421875,7.46484375,270.0513171738463,404.3247960214624,True,1000.0,0.0,0.0,True,1775.0,0.0,0.0,0.0,0.0,0.0,6000.0,89.0,True,799.8839999999632,60
77,SLO-first,prepare-ds,1,91.62,717.488154960286,1880.0,11,1.1484375,2.22509765625,0.57421875,2.87109375,273.8681664625447,443.61998849774125,True,1000.0,0.0,0.0,True,1880.0,0.0,0.0,0.0,0.0,0.0,6000.0,89.0,True,810.1893749999931,54
78,SLO-first,prepare-ds,1,91.62,798.8102269047217,1425.0,11,1.1484375,1.79443359375,0.57421875,1.1484375,302.2750741296129,496.5351527751088,True,1000.0,0.0,0.0,True,1425.0,0.0,0.0,0.0,0.0,0.0,6000.0,89.0,True,836.1790000000155,60
79,SLO-first,prepare-ds,1,91.62,775.2550825635416,1560.0,10,1.1484375,1.65087890625,0.57421875,2.87109375,313.4519240600214,461.8031585035202,True,1000.0,0.0,0.0,True,1560.0,0.0,0.0,0.0,0.0,0.0,6000.0,89.0,True,804.5877090000317,56
80,SLO-first,prepare-ds,1,91.62,771.0193342944116,1950.0,12,1.1484375,2.08154296875,0.57421875,3.4453125,280.1198771746773,490.8994571197343,True,1000.0,0.0,0.0,True,1950.0,0.0,0.0,0.0,0.0,0.0,6000.0,89.0,True,815.4081249999763,60
81,SLO-first,prepare-ds,1,91.62,641.6120601157168,2055.0,9,1.1484375,1.50732421875,0.57421875,3.4453125,274.82292208365146,366.78913803206524,True,1000.0,0.0,0.0,True,2055.0,0.0,0.0,0.0,0.0,0.0,6000.0,89.0,True,798.5573339999519,60
82,SLO-first,prepare-ds,1,91.62,557.5497227247488,1215.0,7,1.1484375,1.36376953125,0.57421875,4.01953125,268.4508246979464,289.09889802680243,True,1000.0,0.0,0.0,True,1215.0,0.0,0.0,0.0,0.0,0.0,6000.0,89.0,True,832.2575000000256,60
83,SLO-first,prepare-ds,1,91.62,682.8809949315807,1180.0,9,1.1484375,1.50732421875,0.57421875,2.296875,284.87287968424084,398.0081152473399,True,1000.0,0.0,0.0,True,1180.0,0.0,0.0,0.0,0.0,0.0,6000.0,89.0,True,856.996166999977,54
84,SLO-first,prepare-ds,1,91.62,546.666950736116,1320.0,7,1.1484375,1.50732421875,0.57421875,3.4453125,287.0498226632878,259.6171280728281,True,1000.0,0.0,0.0,True,1320.0,0.0,0.0,0.0,0.0,0.0,6000.0,89.0,True,816.0274580000078,56
85,SLO-first,prepare-ds,1,91.62,547.7497730508533,1915.0,5,1.1484375,1.1484375,0.57421875,2.87109375,318.01458923816404,229.73518381268917,True,1000.0,0.0,0.0,True,1915.0,0.0,0.0,0.0,0.0,0.0,6000.0,89.0,True,842.0847500000264,60
86,SLO-first,prepare-ds,1,91.62,652.0140989946038,1565.0,10,1.1484375,2.009765625,0.57421875,5.7421875,263.06760533736315,388.9464936572407,True,1000.0,0.0,0.0,True,1565.0,0.0,0.0,0.0,0.0,0.0,6000.0,89.0,True,828.4443329999931,60
87,SLO-first,prepare-ds,1,91.62,564.7560526420766,1600.0,8,1.1484375,1.36376953125,0.57421875,4.01953125,252.6976569733701,312.05839566870645,True,1000.0,0.0,0.0,True,1600.0,0.0,0.0,0.0,0.0,0.0,6000.0,89.0,True,832.683459000009,58
88,SLO-first,prepare-ds,1,91.62,639.0860140129796,1495.0,10,1.1484375,1.79443359375,0.57421875,2.296875,235.9180878587636,403.16792615421593,True,1000.0,0.0,0.0,True,1495.0,0.0,0.0,0.0,0.0,0.0,6000.0,89.0,True,837.8441250000037,54
89,SLO-first,prepare-ds,1,91.62,763.812332136328,1355.0,12,1.1484375,2.08154296875,0.57421875,1.72265625,276.03020334988463,487.78212878644337,True,1000.0,0.0,0.0,True,1355.0,0.0,0.0,0.0,0.0,0.0,6000.0,89.0,True,801.4948339999819,60
90,SLO-first,prepare-ds,1,91.62,935.1469515453384,1285.0,17,1.1484375,2.79931640625,0.57421875,3.4453125,268.2903754568988,666.8565760884396,True,1000.0,0.0,0.0,True,1285.0,0.0,0.0,0.0,0.0,0.0,6000.0,89.0,True,872.6570000000038,60
91,SLO-first,prepare-ds,1,91.62,595.3136997200561,1390.0,8,1.1484375,1.36376953125,0.57421875,3.4453125,267.1585205159342,328.15517920412185,True,1000.0,0.0,0.0,True,1390.0,0.0,0.0,0.0,0.0,0.0,6000.0,89.0,True,805.7815000000232,56
92,SLO-first,prepare-ds,1,91.62,596.5238531555209,1215.0,8,1.1484375,1.65087890625,0.57421875,2.87109375,275.5432549456034,320.9805982099175,True,1000.0,0.0,0.0,True,1215.0,0.0,0.0,0.0,0.0,0.0,6000.0,89.0,True,798.9907080000194,60
93,SLO-first,prepare-ds,1,91.62,540.1672729003164,1250.0,7,1.1484375,1.36376953125,0.57421875,3.4453125,253.23518158892722,286.9320913113893,True,1000.0,0.0,0.0,True,1250.0,0.0,0.0,0.0,0.0,0.0,6000.0,89.0,True,832.9850829999828,60
94,SLO-first,prepare-ds,1,91.62,544.5669619955258,1635.0,7,1.1484375,1.435546875,0.57421875,4.01953125,272.83859738418676,271.7283646113391,True,1000.0,0.0,0.0,True,1635.0,0.0,0.0,0.0,0.0,0.0,6000.0,89.0,True,812.2632089999797,60
95,SLO-first,prepare-ds,1,91.62,666.9140431665003,1770.0,8,1.1484375,1.79443359375,0.57421875,5.7421875,316.7327139598082,350.1813292066921,True,1000.0,0.0,0.0,True,1770.0,0.0,0.0,0.0,0.0,0.0,6000.0,89.0,True,813.845458000003,56
96,SLO-first,prepare-ds,1,91.62,641.82049308352,1635.0,9,1.1484375,1.8662109375,0.57421875,1.72265625,281.7478094937926,360.0726835897274,True,1000.0,0.0,0.0,True,1635.0,0.0,0.0,0.0,0.0,0.0,6000.0,89.0,True,816.5684589999955,54
97,SLO-first,prepare-ds,1,91.62,673.9735859863099,1245.0,9,1.1484375,1.65087890625,0.57421875,3.4453125,290.43271189613245,383.5408740901775,True,1000.0,0.0,0.0,True,1245.0,0.0,0.0,0.0,0.0,0.0,6000.0,89.0,True,852.6462080000101,54
98,SLO-first,prepare-ds,1,91.62,625.6947430829624,1495.0,9,1.1484375,2.08154296875,0.57421875,2.296875,272.3918889637216,353.3028541192408,True,1000.0,0.0,0.0,True,1495.0,0.0,0.0,0.0,0.0,0.0,6000.0,89.0,True,831.7832500000009,60
99,SLO-first,prepare-ds,1,91.62,642.2627855891944,1705.0,9,1.1484375,1.50732421875,0.57421875,6.890625,284.64829306540116,357.61449252379333,True,1000.0,0.0,0.0,True,1705.0,0.0,0.0,0.0,0.0,0.0,6000.0,89.0,True,819.1952499999502,56
