profile,strategy,latency_mean,latency_median,latency_p95,latency_p99,acc_acc_mean,payload_mean,payload_median,payload_p95,payload_p99,link_mean,link_median,link_p95,link_p99,hops_mean,hops_median,hops_p95,hops_p99,payload_cached_mean,payload_cached_median,payload_cached_p95,payload_cached_p99,link_cached_mean,link_cached_median,link_cached_p95,link_cached_p99,selector_mean,selector_median,selector_p95,selector_p99,ssp_mean,ssp_median,ssp_p95,ssp_p99
extract-frames,Best-Acc,2332.315254191152,2311.2942326272223,3045.3487274323898,3343.0201737798207,91.62,1.1484375,1.1484375,1.1484375,1.1484375,11.8138330078125,11.735595703125,16.3688232421875,17.322744140625012,50.92,51.0,67.05,70.14000000000007,1.1484375,1.1484375,1.1484375,1.1484375,11.8138330078125,11.735595703125,16.3688232421875,17.322744140625012,3.9074925199994675,3.8905629999703706,5.553035449977983,5.807744910000446,0.0,0.0,0.0,0.0
extract-frames,Full-model,2331.6907203666096,2328.768806197955,3035.6135841936125,3273.3453170710595,91.62,1.1484375,1.1484375,1.1484375,1.1484375,11.8138330078125,11.735595703125,16.3688232421875,17.322744140625012,50.92,51.0,67.05,70.14000000000007,1.1484375,1.1484375,1.1484375,1.1484375,11.8138330078125,11.735595703125,16.3688232421875,17.322744140625012,3.886549609997534,3.872624999985419,5.478591350009765,5.789725409999798,0.0,0.0,0.0,0.0
extract-frames,Lowest-Latency,482.56102090368086,477.47987037408865,595.0350967521701,640.7493456703259,84.2212,1.091015625,1.1005859375,1.12451171875,1.12451171875,1.680068359375,1.65087890625,2.251416015625,2.6579150390625013,8.09,8.0,11.0,12.0,1.091015625,1.1005859375,1.12451171875,1.12451171875,1.680068359375,1.65087890625,2.251416015625,2.6579150390625013,2198.9031991199986,2199.3822919999957,2283.4538163500115,2327.4137846699928,0.0,0.0,0.0,0.0
extract-frames,Random,2290.4030707217153,2269.8006155040002,2889.048906516595,3099.209020457315,86.1543,1.0936474609375,1.1005859375,1.1484375,1.1484375,10.9962890625,11.02978515625,14.865087890625,16.6305712890625,50.23,51.0,65.05,69.01,1.0936474609375,1.1005859375,1.1484375,1.1484375,10.9962890625,11.02978515625,14.865087890625,16.6305712890625,3.8850475499993564,3.9121044999888,5.125516650015616,5.308966669995246,0.0,0.0,0.0,0.0
extract-frames,Round-Robin,2317.019074940153,2316.162783720263,3092.9278339252887,3215.839801317548,86.038,1.08623046875,1.1005859375,1.1484375,1.1484375,11.1984619140625,10.98193359375,15.478784179687498,16.290585937500012,51.44,51.0,70.0,75.01,1.08623046875,1.1005859375,1.1484375,1.1484375,11.1984619140625,10.98193359375,15.478784179687498,16.290585937500012,3.914968290001175,3.9597499999786123,5.331922249994392,5.810590420001206,0.0,0.0,0.0,0.0
extract-frames,SLO-first,497.77833299307326,483.2059689265235,613.8092926108694,669.743921205423,88.11219999999999,1.069482421875,1.1005859375,1.1484375,1.1484375,1.558525390625,1.50732421875,2.2023681640625,2.3930566406250002,8.08,8.0,11.0,11.010000000000005,0.1780078125,0.0,0.57421875,0.57421875,1.2230859375,0.0,6.345117187499999,7.4763281250000055,2294.8704854699963,2289.5204789999893,2365.327560399996,2421.6759432500003,58.2,60.0,60.0,60.0
object-det,Best-Acc,2215.9220028841332,2285.2269773503313,2821.612208184604,3121.8894264513,91.62,1.1484375,1.1484375,1.1484375,1.1484375,11.2999072265625,11.807373046875,15.295751953125,16.0070654296875,49.63,51.0,64.05,68.03000000000002,1.1484375,1.1484375,1.1484375,1.1484375,11.2999072265625,11.807373046875,15.295751953125,16.0070654296875,3.7929287400078238,3.823375000024498,5.18472675004773,5.516704999986359,0.0,0.0,0.0,0.0
object-det,Full-model,2210.7673420673946,2285.104409878723,2813.9839111476062,3144.985718206889,91.62,1.1484375,1.1484375,1.1484375,1.1484375,11.2999072265625,11.807373046875,15.295751953125,16.0070654296875,49.63,51.0,64.05,68.03000000000002,1.1484375,1.1484375,1.1484375,1.1484375,11.2999072265625,11.807373046875,15.295751953125,16.0070654296875,3.778916240008243,3.808978999984447,5.174599399964563,5.471985079933575,0.0,0.0,0.0,0.0
object-det,Lowest-Latency,436.7704313256993,425.19854711519724,559.0413515038331,609.2617752711178,84.1958,1.091015625,1.1005859375,1.12451171875,1.12451171875,1.677197265625,1.5791015625,2.3519042968749995,2.920859375000001,8.13,8.0,11.0,12.010000000000005,1.091015625,1.1005859375,1.12451171875,1.12451171875,1.677197265625,1.5791015625,2.3519042968749995,2.920859375000001,2201.9589065700097,2200.0053545000637,2293.3080598000856,2359.4920570800004,0.0,0.0,0.0,0.0
object-det,Random,2239.9180283857054,2229.06622225369,2965.9589809229324,3187.271546785701,86.41850000000001,1.0969970703125,1.1005859375,1.1484375,1.1484375,11.2970361328125,11.663818359375,15.129467773437499,16.36092773437501,50.73,49.0,67.05,72.04000000000002,1.0969970703125,1.1005859375,1.1484375,1.1484375,11.2970361328125,11.663818359375,15.129467773437499,16.36092773437501,3.8804579500038017,3.8952919999815094,5.346649699998807,5.884199909992276,0.0,0.0,0.0,0.0
object-det,Round-Robin,2205.2231959575247,2177.167374651515,2853.9117320311666,3162.819448071159,86.038,1.08623046875,1.1005859375,1.1484375,1.1484375,10.78861328125,10.9580078125,15.2036376953125,16.297045898437503,49.95,49.5,64.05,72.02000000000001,1.08623046875,1.1005859375,1.1484375,1.1484375,10.78861328125,10.9580078125,15.2036376953125,16.297045898437503,3.7689445799975374,3.851812500045071,5.2613622000080795,5.739506909973216,0.0,0.0,0.0,0.0
object-det,SLO-first,447.39158885310536,444.8063467146932,546.2512379357687,598.68206107172,87.74880000000002,1.060390625,1.1005859375,1.1484375,1.1484375,1.591064453125,1.53125,2.3243896484374997,2.6382958984375033,8.18,8.0,11.0,12.0,0.1378125,0.0,0.57421875,0.57421875,0.815390625,0.0,4.048242187499999,5.7421875,2299.667738300011,2296.791062000011,2363.990485399989,2404.87722325001,58.6,60.0,60.0,60.0
prepare-ds,Best-Acc,2422.7656911403205,2493.2137536472355,2997.9182812294,3199.4331482072234,91.62,1.1484375,1.1484375,1.1484375,1.1484375,11.20587890625,11.41259765625,15.740771484375,17.157656250000002,49.81,50.0,64.05,68.0,1.1484375,1.1484375,1.1484375,1.1484375,11.20587890625,11.41259765625,15.740771484375,17.157656250000002,3.7796465900100884,3.754562000040096,5.145991350127588,5.478670000163675,0.0,0.0,0.0,0.0
prepare-ds,Full-model,2415.9779851327303,2475.047385605565,3022.63701208463,3167.848866519116,91.62,1.1484375,1.1484375,1.1484375,1.1484375,11.20587890625,11.41259765625,15.740771484375,17.157656250000002,49.81,50.0,64.05,68.0,1.1484375,1.1484375,1.1484375,1.1484375,11.20587890625,11.41259765625,15.740771484375,17.157656250000002,3.7574442099867156,3.723229000001993,5.1373899000054735,5.502065000036964,0.0,0.0,0.0,0.0
prepare-ds,Lowest-Latency,569.5159650204954,557.8465720909078,708.2719901654481,751.0387175324666,84.20459999999999,1.091494140625,1.1005859375,1.12451171875,1.12451171875,1.7051904296875,1.60302734375,2.418896484375,3.158203125,8.28,8.0,11.0,14.010000000000005,1.091494140625,1.1005859375,1.12451171875,1.12451171875,1.7051904296875,1.60302734375,2.418896484375,3.158203125,2196.2078938299896,2195.240333000015,2296.600139299869,2330.710654830093,0.0,0.0,0.0,0.0
prepare-ds,Random,2409.2406660967117,2407.56123029677,3111.682723143496,3276.769566153535,85.6734,1.0871875,1.1005859375,1.1484375,1.1484375,11.1915234375,11.55615234375,15.314892578125,16.470029296875005,51.08,52.0,66.05,70.04000000000002,1.0871875,1.1005859375,1.1484375,1.1484375,11.1915234375,11.55615234375,15.314892578125,16.470029296875005,3.8898995900024147,3.9434165000216126,5.176441649939534,5.9315329197784195,0.0,0.0,0.0,0.0
prepare-ds,Round-Robin,2454.7145439630804,2411.1056194174316,3127.6077418327977,3460.9828886548135,86.038,1.08623046875,1.1005859375,1.1484375,1.1484375,11.1073046875,11.1015625,15.22158203125,15.7673291015625,51.98,52.5,70.0,74.01,1.08623046875,1.1005859375,1.1484375,1.1484375,11.1073046875,11.1015625,15.22158203125,15.7673291015625,3.90880376999462,3.844166999897425,5.560354500062203,5.875249080033883,0.0,0.0,0.0,0.0
prepare-ds,SLO-first,593.6124176470628,595.4881862457701,705.7910171043278,760.5864340687373,87.76880000000001,1.06326171875,1.1005859375,1.1484375,1.1484375,1.5850830078125,1.5791015625,2.32080078125,2.7050488281250007,8.25,8.0,11.0,12.010000000000005,0.1378125,0.0,0.57421875,0.57421875,1.068046875,0.0,6.345117187499999,8.61328125,2292.9471611800027,2297.7346875001103,2357.437152700186,2397.220941669866,58.3,60.0,60.0,60.0
